ano,idade,sexo,total
2003,Menos de 1 ano,Homem,10
2003,Menos de 7 dias,Homem,4
2003,Menos de 1 dia,Homem,1
2003,1 dia,Homem,
2003,2 dias,Homem,2
2003,3 dias,Homem,
2003,4 dias,Homem,1
2003,5 dias,Homem,
2003,6 dias,Homem,
2003,7 a 27 dias,Homem,
2003,7 a 13 dias,Homem,
2003,14 a 20 dias,Homem,
2003,21 a 27 dias,Homem,
2003,28 a 364 dias,Homem,6
2003,28 a 59 dias,Homem,2
2003,60 a 364 dias,Homem,4
2003,2 meses,Homem,1
2003,3 meses,Homem,
2003,4 meses,Homem,1
2003,5 meses,Homem,1
2003,6 meses,Homem,
2003,7 meses,Homem,1
2003,8 meses,Homem,
2003,9 meses,Homem,
2003,10 meses,Homem,
2003,11 meses,Homem,
2003,1 a 14 anos,Homem,2
2003,1 a 4 anos,Homem,1
2003,1 ano,Homem,
2003,2 anos,Homem,
2003,3 anos,Homem,
2003,4 anos,Homem,1
2003,5 a 9 anos,Homem,1
2003,5 anos,Homem,
2003,6 anos,Homem,
2003,7 anos,Homem,1
2003,8 anos,Homem,
2003,9 anos,Homem,
2003,10 a 14 anos,Homem,
2003,10 anos,Homem,
2003,11 anos,Homem,
2003,12 anos,Homem,
2003,13 anos,Homem,
2003,14 anos,Homem,
2003,15 a 84 anos,Homem,60
2003,15 a 19 anos,Homem,3
2003,20 a 24 anos,Homem,6
2003,25 a 29 anos,Homem,3
2003,30 a 34 anos,Homem,5
2003,35 a 39 anos,Homem,4
2003,40 a 44 anos,Homem,3
2003,45 a 49 anos,Homem,4
2003,50 a 54 anos,Homem,3
2003,55 a 59 anos,Homem,9
2003,60 a 64 anos,Homem,3
2003,65 a 69 anos,Homem,4
2003,70 a 74 anos,Homem,7
2003,75 a 79 anos,Homem,4
2003,80 a 84 anos,Homem,2
2003,85 anos ou mais,Homem,7
2003,85 a 89 anos,Homem,4
2003,85 anos,Homem,1
2003,86 anos,Homem,
2003,87 anos,Homem,
2003,88 anos,Homem,2
2003,89 anos,Homem,1
2003,90 a 94 anos,Homem,1
2003,90 anos,Homem,1
2003,91 anos,Homem,
2003,92 anos,Homem,
2003,93 anos,Homem,
2003,94 anos,Homem,
2003,95 a 99 anos,Homem,
2003,95 anos,Homem,
2003,96 anos,Homem,
2003,97 anos,Homem,
2003,98 anos,Homem,
2003,99 anos,Homem,
2003,100 anos ou mais,Homem,2
2003,Idade ignorada,Homem,
2003,Menos de 1 ano,Mulher,5
2003,Menos de 7 dias,Mulher,1
2003,Menos de 1 dia,Mulher,
2003,1 dia,Mulher,
2003,2 dias,Mulher,
2003,3 dias,Mulher,1
2003,4 dias,Mulher,
2003,5 dias,Mulher,
2003,6 dias,Mulher,
2003,7 a 27 dias,Mulher,
2003,7 a 13 dias,Mulher,
2003,14 a 20 dias,Mulher,
2003,21 a 27 dias,Mulher,
2003,28 a 364 dias,Mulher,4
2003,28 a 59 dias,Mulher,2
2003,60 a 364 dias,Mulher,2
2003,2 meses,Mulher,
2003,3 meses,Mulher,
2003,4 meses,Mulher,
2003,5 meses,Mulher,1
2003,6 meses,Mulher,
2003,7 meses,Mulher,1
2003,8 meses,Mulher,
2003,9 meses,Mulher,
2003,10 meses,Mulher,
2003,11 meses,Mulher,
2003,1 a 14 anos,Mulher,1
2003,1 a 4 anos,Mulher,1
2003,1 ano,Mulher,
2003,2 anos,Mulher,
2003,3 anos,Mulher,
2003,4 anos,Mulher,1
2003,5 a 9 anos,Mulher,
2003,5 anos,Mulher,
2003,6 anos,Mulher,
2003,7 anos,Mulher,
2003,8 anos,Mulher,
2003,9 anos,Mulher,
2003,10 a 14 anos,Mulher,
2003,10 anos,Mulher,
2003,11 anos,Mulher,
2003,12 anos,Mulher,
2003,13 anos,Mulher,
2003,14 anos,Mulher,
2003,15 a 84 anos,Mulher,31
2003,15 a 19 anos,Mulher,
2003,20 a 24 anos,Mulher,
2003,25 a 29 anos,Mulher,
2003,30 a 34 anos,Mulher,
2003,35 a 39 anos,Mulher,2
2003,40 a 44 anos,Mulher,
2003,45 a 49 anos,Mulher,3
2003,50 a 54 anos,Mulher,4
2003,55 a 59 anos,Mulher,8
2003,60 a 64 anos,Mulher,1
2003,65 a 69 anos,Mulher,4
2003,70 a 74 anos,Mulher,3
2003,75 a 79 anos,Mulher,2
2003,80 a 84 anos,Mulher,4
2003,85 anos ou mais,Mulher,12
2003,85 a 89 anos,Mulher,6
2003,85 anos,Mulher,1
2003,86 anos,Mulher,1
2003,87 anos,Mulher,
2003,88 anos,Mulher,1
2003,89 anos,Mulher,3
2003,90 a 94 anos,Mulher,4
2003,90 anos,Mulher,
2003,91 anos,Mulher,1
2003,92 anos,Mulher,1
2003,93 anos,Mulher,1
2003,94 anos,Mulher,1
2003,95 a 99 anos,Mulher,2
2003,95 anos,Mulher,
2003,96 anos,Mulher,1
2003,97 anos,Mulher,1
2003,98 anos,Mulher,
2003,99 anos,Mulher,
2003,100 anos ou mais,Mulher,
2003,Idade ignorada,Mulher,
2004,Menos de 1 ano,Homem,6
2004,Menos de 7 dias,Homem,
2004,Menos de 1 dia,Homem,
2004,1 dia,Homem,
2004,2 dias,Homem,
2004,3 dias,Homem,
2004,4 dias,Homem,
2004,5 dias,Homem,
2004,6 dias,Homem,
2004,7 a 27 dias,Homem,2
2004,7 a 13 dias,Homem,1
2004,14 a 20 dias,Homem,1
2004,21 a 27 dias,Homem,
2004,28 a 364 dias,Homem,4
2004,28 a 59 dias,Homem,
2004,60 a 364 dias,Homem,4
2004,2 meses,Homem,2
2004,3 meses,Homem,
2004,4 meses,Homem,
2004,5 meses,Homem,1
2004,6 meses,Homem,
2004,7 meses,Homem,
2004,8 meses,Homem,
2004,9 meses,Homem,
2004,10 meses,Homem,
2004,11 meses,Homem,1
2004,1 a 14 anos,Homem,1
2004,1 a 4 anos,Homem,1
2004,1 ano,Homem,1
2004,2 anos,Homem,
2004,3 anos,Homem,
2004,4 anos,Homem,
2004,5 a 9 anos,Homem,
2004,5 anos,Homem,
2004,6 anos,Homem,
2004,7 anos,Homem,
2004,8 anos,Homem,
2004,9 anos,Homem,
2004,10 a 14 anos,Homem,
2004,10 anos,Homem,
2004,11 anos,Homem,
2004,12 anos,Homem,
2004,13 anos,Homem,
2004,14 anos,Homem,
2004,15 a 84 anos,Homem,50
2004,15 a 19 anos,Homem,1
2004,20 a 24 anos,Homem,3
2004,25 a 29 anos,Homem,3
2004,30 a 34 anos,Homem,2
2004,35 a 39 anos,Homem,2
2004,40 a 44 anos,Homem,2
2004,45 a 49 anos,Homem,4
2004,50 a 54 anos,Homem,3
2004,55 a 59 anos,Homem,7
2004,60 a 64 anos,Homem,6
2004,65 a 69 anos,Homem,2
2004,70 a 74 anos,Homem,7
2004,75 a 79 anos,Homem,3
2004,80 a 84 anos,Homem,5
2004,85 anos ou mais,Homem,9
2004,85 a 89 anos,Homem,5
2004,85 anos,Homem,2
2004,86 anos,Homem,
2004,87 anos,Homem,1
2004,88 anos,Homem,
2004,89 anos,Homem,2
2004,90 a 94 anos,Homem,3
2004,90 anos,Homem,1
2004,91 anos,Homem,1
2004,92 anos,Homem,1
2004,93 anos,Homem,
2004,94 anos,Homem,
2004,95 a 99 anos,Homem,1
2004,95 anos,Homem,
2004,96 anos,Homem,1
2004,97 anos,Homem,
2004,98 anos,Homem,
2004,99 anos,Homem,
2004,100 anos ou mais,Homem,
2004,Idade ignorada,Homem,
2004,Menos de 1 ano,Mulher,3
2004,Menos de 7 dias,Mulher,1
2004,Menos de 1 dia,Mulher,1
2004,1 dia,Mulher,
2004,2 dias,Mulher,
2004,3 dias,Mulher,
2004,4 dias,Mulher,
2004,5 dias,Mulher,
2004,6 dias,Mulher,
2004,7 a 27 dias,Mulher,
2004,7 a 13 dias,Mulher,
2004,14 a 20 dias,Mulher,
2004,21 a 27 dias,Mulher,
2004,28 a 364 dias,Mulher,2
2004,28 a 59 dias,Mulher,
2004,60 a 364 dias,Mulher,2
2004,2 meses,Mulher,
2004,3 meses,Mulher,
2004,4 meses,Mulher,1
2004,5 meses,Mulher,1
2004,6 meses,Mulher,
2004,7 meses,Mulher,
2004,8 meses,Mulher,
2004,9 meses,Mulher,
2004,10 meses,Mulher,
2004,11 meses,Mulher,
2004,1 a 14 anos,Mulher,4
2004,1 a 4 anos,Mulher,3
2004,1 ano,Mulher,3
2004,2 anos,Mulher,
2004,3 anos,Mulher,
2004,4 anos,Mulher,
2004,5 a 9 anos,Mulher,
2004,5 anos,Mulher,
2004,6 anos,Mulher,
2004,7 anos,Mulher,
2004,8 anos,Mulher,
2004,9 anos,Mulher,
2004,10 a 14 anos,Mulher,1
2004,10 anos,Mulher,
2004,11 anos,Mulher,1
2004,12 anos,Mulher,
2004,13 anos,Mulher,
2004,14 anos,Mulher,
2004,15 a 84 anos,Mulher,22
2004,15 a 19 anos,Mulher,
2004,20 a 24 anos,Mulher,3
2004,25 a 29 anos,Mulher,
2004,30 a 34 anos,Mulher,
2004,35 a 39 anos,Mulher,2
2004,40 a 44 anos,Mulher,2
2004,45 a 49 anos,Mulher,
2004,50 a 54 anos,Mulher,
2004,55 a 59 anos,Mulher,3
2004,60 a 64 anos,Mulher,1
2004,65 a 69 anos,Mulher,2
2004,70 a 74 anos,Mulher,3
2004,75 a 79 anos,Mulher,1
2004,80 a 84 anos,Mulher,5
2004,85 anos ou mais,Mulher,8
2004,85 a 89 anos,Mulher,2
2004,85 anos,Mulher,1
2004,86 anos,Mulher,
2004,87 anos,Mulher,1
2004,88 anos,Mulher,
2004,89 anos,Mulher,
2004,90 a 94 anos,Mulher,4
2004,90 anos,Mulher,1
2004,91 anos,Mulher,2
2004,92 anos,Mulher,1
2004,93 anos,Mulher,
2004,94 anos,Mulher,
2004,95 a 99 anos,Mulher,1
2004,95 anos,Mulher,1
2004,96 anos,Mulher,
2004,97 anos,Mulher,
2004,98 anos,Mulher,
2004,99 anos,Mulher,
2004,100 anos ou mais,Mulher,1
2004,Idade ignorada,Mulher,
2005,Menos de 1 ano,Homem,2
2005,Menos de 7 dias,Homem,1
2005,Menos de 1 dia,Homem,1
2005,1 dia,Homem,
2005,2 dias,Homem,
2005,3 dias,Homem,
2005,4 dias,Homem,
2005,5 dias,Homem,
2005,6 dias,Homem,
2005,7 a 27 dias,Homem,
2005,7 a 13 dias,Homem,
2005,14 a 20 dias,Homem,
2005,21 a 27 dias,Homem,
2005,28 a 364 dias,Homem,1
2005,28 a 59 dias,Homem,
2005,60 a 364 dias,Homem,1
2005,2 meses,Homem,
2005,3 meses,Homem,
2005,4 meses,Homem,
2005,5 meses,Homem,
2005,6 meses,Homem,
2005,7 meses,Homem,
2005,8 meses,Homem,
2005,9 meses,Homem,
2005,10 meses,Homem,1
2005,11 meses,Homem,
2005,1 a 14 anos,Homem,2
2005,1 a 4 anos,Homem,2
2005,1 ano,Homem,1
2005,2 anos,Homem,
2005,3 anos,Homem,1
2005,4 anos,Homem,
2005,5 a 9 anos,Homem,
2005,5 anos,Homem,
2005,6 anos,Homem,
2005,7 anos,Homem,
2005,8 anos,Homem,
2005,9 anos,Homem,
2005,10 a 14 anos,Homem,
2005,10 anos,Homem,
2005,11 anos,Homem,
2005,12 anos,Homem,
2005,13 anos,Homem,
2005,14 anos,Homem,
2005,15 a 84 anos,Homem,61
2005,15 a 19 anos,Homem,2
2005,20 a 24 anos,Homem,5
2005,25 a 29 anos,Homem,4
2005,30 a 34 anos,Homem,1
2005,35 a 39 anos,Homem,2
2005,40 a 44 anos,Homem,5
2005,45 a 49 anos,Homem,3
2005,50 a 54 anos,Homem,3
2005,55 a 59 anos,Homem,6
2005,60 a 64 anos,Homem,8
2005,65 a 69 anos,Homem,6
2005,70 a 74 anos,Homem,3
2005,75 a 79 anos,Homem,6
2005,80 a 84 anos,Homem,7
2005,85 anos ou mais,Homem,11
2005,85 a 89 anos,Homem,5
2005,85 anos,Homem,1
2005,86 anos,Homem,
2005,87 anos,Homem,4
2005,88 anos,Homem,
2005,89 anos,Homem,
2005,90 a 94 anos,Homem,6
2005,90 anos,Homem,4
2005,91 anos,Homem,
2005,92 anos,Homem,
2005,93 anos,Homem,1
2005,94 anos,Homem,1
2005,95 a 99 anos,Homem,
2005,95 anos,Homem,
2005,96 anos,Homem,
2005,97 anos,Homem,
2005,98 anos,Homem,
2005,99 anos,Homem,
2005,100 anos ou mais,Homem,
2005,Idade ignorada,Homem,
2005,Menos de 1 ano,Mulher,3
2005,Menos de 7 dias,Mulher,1
2005,Menos de 1 dia,Mulher,
2005,1 dia,Mulher,
2005,2 dias,Mulher,1
2005,3 dias,Mulher,
2005,4 dias,Mulher,
2005,5 dias,Mulher,
2005,6 dias,Mulher,
2005,7 a 27 dias,Mulher,
2005,7 a 13 dias,Mulher,
2005,14 a 20 dias,Mulher,
2005,21 a 27 dias,Mulher,
2005,28 a 364 dias,Mulher,2
2005,28 a 59 dias,Mulher,
2005,60 a 364 dias,Mulher,2
2005,2 meses,Mulher,1
2005,3 meses,Mulher,1
2005,4 meses,Mulher,
2005,5 meses,Mulher,
2005,6 meses,Mulher,
2005,7 meses,Mulher,
2005,8 meses,Mulher,
2005,9 meses,Mulher,
2005,10 meses,Mulher,
2005,11 meses,Mulher,
2005,1 a 14 anos,Mulher,1
2005,1 a 4 anos,Mulher,
2005,1 ano,Mulher,
2005,2 anos,Mulher,
2005,3 anos,Mulher,
2005,4 anos,Mulher,
2005,5 a 9 anos,Mulher,1
2005,5 anos,Mulher,1
2005,6 anos,Mulher,
2005,7 anos,Mulher,
2005,8 anos,Mulher,
2005,9 anos,Mulher,
2005,10 a 14 anos,Mulher,
2005,10 anos,Mulher,
2005,11 anos,Mulher,
2005,12 anos,Mulher,
2005,13 anos,Mulher,
2005,14 anos,Mulher,
2005,15 a 84 anos,Mulher,26
2005,15 a 19 anos,Mulher,
2005,20 a 24 anos,Mulher,
2005,25 a 29 anos,Mulher,1
2005,30 a 34 anos,Mulher,
2005,35 a 39 anos,Mulher,
2005,40 a 44 anos,Mulher,2
2005,45 a 49 anos,Mulher,2
2005,50 a 54 anos,Mulher,4
2005,55 a 59 anos,Mulher,5
2005,60 a 64 anos,Mulher,4
2005,65 a 69 anos,Mulher,3
2005,70 a 74 anos,Mulher,1
2005,75 a 79 anos,Mulher,2
2005,80 a 84 anos,Mulher,2
2005,85 anos ou mais,Mulher,13
2005,85 a 89 anos,Mulher,5
2005,85 anos,Mulher,1
2005,86 anos,Mulher,1
2005,87 anos,Mulher,
2005,88 anos,Mulher,1
2005,89 anos,Mulher,2
2005,90 a 94 anos,Mulher,6
2005,90 anos,Mulher,1
2005,91 anos,Mulher,1
2005,92 anos,Mulher,2
2005,93 anos,Mulher,1
2005,94 anos,Mulher,1
2005,95 a 99 anos,Mulher,2
2005,95 anos,Mulher,
2005,96 anos,Mulher,
2005,97 anos,Mulher,2
2005,98 anos,Mulher,
2005,99 anos,Mulher,
2005,100 anos ou mais,Mulher,
2005,Idade ignorada,Mulher,
2006,Menos de 1 ano,Homem,5
2006,Menos de 7 dias,Homem,3
2006,Menos de 1 dia,Homem,1
2006,1 dia,Homem,1
2006,2 dias,Homem,
2006,3 dias,Homem,1
2006,4 dias,Homem,
2006,5 dias,Homem,
2006,6 dias,Homem,
2006,7 a 27 dias,Homem,1
2006,7 a 13 dias,Homem,
2006,14 a 20 dias,Homem,1
2006,21 a 27 dias,Homem,
2006,28 a 364 dias,Homem,1
2006,28 a 59 dias,Homem,
2006,60 a 364 dias,Homem,1
2006,2 meses,Homem,
2006,3 meses,Homem,
2006,4 meses,Homem,
2006,5 meses,Homem,
2006,6 meses,Homem,
2006,7 meses,Homem,
2006,8 meses,Homem,
2006,9 meses,Homem,
2006,10 meses,Homem,
2006,11 meses,Homem,1
2006,1 a 14 anos,Homem,3
2006,1 a 4 anos,Homem,3
2006,1 ano,Homem,1
2006,2 anos,Homem,2
2006,3 anos,Homem,
2006,4 anos,Homem,
2006,5 a 9 anos,Homem,
2006,5 anos,Homem,
2006,6 anos,Homem,
2006,7 anos,Homem,
2006,8 anos,Homem,
2006,9 anos,Homem,
2006,10 a 14 anos,Homem,
2006,10 anos,Homem,
2006,11 anos,Homem,
2006,12 anos,Homem,
2006,13 anos,Homem,
2006,14 anos,Homem,
2006,15 a 84 anos,Homem,52
2006,15 a 19 anos,Homem,3
2006,20 a 24 anos,Homem,6
2006,25 a 29 anos,Homem,5
2006,30 a 34 anos,Homem,3
2006,35 a 39 anos,Homem,1
2006,40 a 44 anos,Homem,2
2006,45 a 49 anos,Homem,5
2006,50 a 54 anos,Homem,3
2006,55 a 59 anos,Homem,3
2006,60 a 64 anos,Homem,2
2006,65 a 69 anos,Homem,7
2006,70 a 74 anos,Homem,4
2006,75 a 79 anos,Homem,3
2006,80 a 84 anos,Homem,5
2006,85 anos ou mais,Homem,15
2006,85 a 89 anos,Homem,7
2006,85 anos,Homem,2
2006,86 anos,Homem,4
2006,87 anos,Homem,1
2006,88 anos,Homem,
2006,89 anos,Homem,
2006,90 a 94 anos,Homem,4
2006,90 anos,Homem,2
2006,91 anos,Homem,
2006,92 anos,Homem,1
2006,93 anos,Homem,
2006,94 anos,Homem,1
2006,95 a 99 anos,Homem,3
2006,95 anos,Homem,
2006,96 anos,Homem,1
2006,97 anos,Homem,1
2006,98 anos,Homem,
2006,99 anos,Homem,1
2006,100 anos ou mais,Homem,1
2006,Idade ignorada,Homem,
2006,Menos de 1 ano,Mulher,5
2006,Menos de 7 dias,Mulher,5
2006,Menos de 1 dia,Mulher,2
2006,1 dia,Mulher,
2006,2 dias,Mulher,3
2006,3 dias,Mulher,
2006,4 dias,Mulher,
2006,5 dias,Mulher,
2006,6 dias,Mulher,
2006,7 a 27 dias,Mulher,
2006,7 a 13 dias,Mulher,
2006,14 a 20 dias,Mulher,
2006,21 a 27 dias,Mulher,
2006,28 a 364 dias,Mulher,
2006,28 a 59 dias,Mulher,
2006,60 a 364 dias,Mulher,
2006,2 meses,Mulher,
2006,3 meses,Mulher,
2006,4 meses,Mulher,
2006,5 meses,Mulher,
2006,6 meses,Mulher,
2006,7 meses,Mulher,
2006,8 meses,Mulher,
2006,9 meses,Mulher,
2006,10 meses,Mulher,
2006,11 meses,Mulher,
2006,1 a 14 anos,Mulher,
2006,1 a 4 anos,Mulher,
2006,1 ano,Mulher,
2006,2 anos,Mulher,
2006,3 anos,Mulher,
2006,4 anos,Mulher,
2006,5 a 9 anos,Mulher,
2006,5 anos,Mulher,
2006,6 anos,Mulher,
2006,7 anos,Mulher,
2006,8 anos,Mulher,
2006,9 anos,Mulher,
2006,10 a 14 anos,Mulher,
2006,10 anos,Mulher,
2006,11 anos,Mulher,
2006,12 anos,Mulher,
2006,13 anos,Mulher,
2006,14 anos,Mulher,
2006,15 a 84 anos,Mulher,29
2006,15 a 19 anos,Mulher,1
2006,20 a 24 anos,Mulher,2
2006,25 a 29 anos,Mulher,
2006,30 a 34 anos,Mulher,1
2006,35 a 39 anos,Mulher,2
2006,40 a 44 anos,Mulher,
2006,45 a 49 anos,Mulher,1
2006,50 a 54 anos,Mulher,4
2006,55 a 59 anos,Mulher,4
2006,60 a 64 anos,Mulher,6
2006,65 a 69 anos,Mulher,4
2006,70 a 74 anos,Mulher,2
2006,75 a 79 anos,Mulher,
2006,80 a 84 anos,Mulher,2
2006,85 anos ou mais,Mulher,7
2006,85 a 89 anos,Mulher,1
2006,85 anos,Mulher,
2006,86 anos,Mulher,
2006,87 anos,Mulher,
2006,88 anos,Mulher,
2006,89 anos,Mulher,1
2006,90 a 94 anos,Mulher,5
2006,90 anos,Mulher,1
2006,91 anos,Mulher,
2006,92 anos,Mulher,1
2006,93 anos,Mulher,1
2006,94 anos,Mulher,2
2006,95 a 99 anos,Mulher,1
2006,95 anos,Mulher,1
2006,96 anos,Mulher,
2006,97 anos,Mulher,
2006,98 anos,Mulher,
2006,99 anos,Mulher,
2006,100 anos ou mais,Mulher,
2006,Idade ignorada,Mulher,
2007,Menos de 1 ano,Homem,3
2007,Menos de 7 dias,Homem,2
2007,Menos de 1 dia,Homem,1
2007,1 dia,Homem,1
2007,2 dias,Homem,
2007,3 dias,Homem,
2007,4 dias,Homem,
2007,5 dias,Homem,
2007,6 dias,Homem,
2007,7 a 27 dias,Homem,
2007,7 a 13 dias,Homem,
2007,14 a 20 dias,Homem,
2007,21 a 27 dias,Homem,
2007,28 a 364 dias,Homem,1
2007,28 a 59 dias,Homem,
2007,60 a 364 dias,Homem,1
2007,2 meses,Homem,
2007,3 meses,Homem,
2007,4 meses,Homem,
2007,5 meses,Homem,
2007,6 meses,Homem,
2007,7 meses,Homem,
2007,8 meses,Homem,
2007,9 meses,Homem,1
2007,10 meses,Homem,
2007,11 meses,Homem,
2007,1 a 14 anos,Homem,2
2007,1 a 4 anos,Homem,1
2007,1 ano,Homem,
2007,2 anos,Homem,
2007,3 anos,Homem,1
2007,4 anos,Homem,
2007,5 a 9 anos,Homem,1
2007,5 anos,Homem,
2007,6 anos,Homem,
2007,7 anos,Homem,1
2007,8 anos,Homem,
2007,9 anos,Homem,
2007,10 a 14 anos,Homem,
2007,10 anos,Homem,
2007,11 anos,Homem,
2007,12 anos,Homem,
2007,13 anos,Homem,
2007,14 anos,Homem,
2007,15 a 84 anos,Homem,88
2007,15 a 19 anos,Homem,4
2007,20 a 24 anos,Homem,3
2007,25 a 29 anos,Homem,2
2007,30 a 34 anos,Homem,7
2007,35 a 39 anos,Homem,3
2007,40 a 44 anos,Homem,9
2007,45 a 49 anos,Homem,7
2007,50 a 54 anos,Homem,5
2007,55 a 59 anos,Homem,13
2007,60 a 64 anos,Homem,11
2007,65 a 69 anos,Homem,3
2007,70 a 74 anos,Homem,8
2007,75 a 79 anos,Homem,5
2007,80 a 84 anos,Homem,8
2007,85 anos ou mais,Homem,12
2007,85 a 89 anos,Homem,7
2007,85 anos,Homem,2
2007,86 anos,Homem,
2007,87 anos,Homem,1
2007,88 anos,Homem,3
2007,89 anos,Homem,1
2007,90 a 94 anos,Homem,4
2007,90 anos,Homem,
2007,91 anos,Homem,1
2007,92 anos,Homem,2
2007,93 anos,Homem,
2007,94 anos,Homem,1
2007,95 a 99 anos,Homem,1
2007,95 anos,Homem,
2007,96 anos,Homem,
2007,97 anos,Homem,
2007,98 anos,Homem,1
2007,99 anos,Homem,
2007,100 anos ou mais,Homem,
2007,Idade ignorada,Homem,1
2007,Menos de 1 ano,Mulher,2
2007,Menos de 7 dias,Mulher,2
2007,Menos de 1 dia,Mulher,1
2007,1 dia,Mulher,1
2007,2 dias,Mulher,
2007,3 dias,Mulher,
2007,4 dias,Mulher,
2007,5 dias,Mulher,
2007,6 dias,Mulher,
2007,7 a 27 dias,Mulher,
2007,7 a 13 dias,Mulher,
2007,14 a 20 dias,Mulher,
2007,21 a 27 dias,Mulher,
2007,28 a 364 dias,Mulher,
2007,28 a 59 dias,Mulher,
2007,60 a 364 dias,Mulher,
2007,2 meses,Mulher,
2007,3 meses,Mulher,
2007,4 meses,Mulher,
2007,5 meses,Mulher,
2007,6 meses,Mulher,
2007,7 meses,Mulher,
2007,8 meses,Mulher,
2007,9 meses,Mulher,
2007,10 meses,Mulher,
2007,11 meses,Mulher,
2007,1 a 14 anos,Mulher,1
2007,1 a 4 anos,Mulher,
2007,1 ano,Mulher,
2007,2 anos,Mulher,
2007,3 anos,Mulher,
2007,4 anos,Mulher,
2007,5 a 9 anos,Mulher,
2007,5 anos,Mulher,
2007,6 anos,Mulher,
2007,7 anos,Mulher,
2007,8 anos,Mulher,
2007,9 anos,Mulher,
2007,10 a 14 anos,Mulher,1
2007,10 anos,Mulher,
2007,11 anos,Mulher,
2007,12 anos,Mulher,1
2007,13 anos,Mulher,
2007,14 anos,Mulher,
2007,15 a 84 anos,Mulher,41
2007,15 a 19 anos,Mulher,
2007,20 a 24 anos,Mulher,1
2007,25 a 29 anos,Mulher,
2007,30 a 34 anos,Mulher,1
2007,35 a 39 anos,Mulher,1
2007,40 a 44 anos,Mulher,6
2007,45 a 49 anos,Mulher,1
2007,50 a 54 anos,Mulher,2
2007,55 a 59 anos,Mulher,3
2007,60 a 64 anos,Mulher,4
2007,65 a 69 anos,Mulher,6
2007,70 a 74 anos,Mulher,5
2007,75 a 79 anos,Mulher,8
2007,80 a 84 anos,Mulher,3
2007,85 anos ou mais,Mulher,12
2007,85 a 89 anos,Mulher,6
2007,85 anos,Mulher,
2007,86 anos,Mulher,2
2007,87 anos,Mulher,1
2007,88 anos,Mulher,3
2007,89 anos,Mulher,
2007,90 a 94 anos,Mulher,5
2007,90 anos,Mulher,1
2007,91 anos,Mulher,1
2007,92 anos,Mulher,
2007,93 anos,Mulher,2
2007,94 anos,Mulher,1
2007,95 a 99 anos,Mulher,1
2007,95 anos,Mulher,
2007,96 anos,Mulher,1
2007,97 anos,Mulher,
2007,98 anos,Mulher,
2007,99 anos,Mulher,
2007,100 anos ou mais,Mulher,
2007,Idade ignorada,Mulher,1
2008,Menos de 1 ano,Homem,3
2008,Menos de 7 dias,Homem,2
2008,Menos de 1 dia,Homem,2
2008,1 dia,Homem,
2008,2 dias,Homem,
2008,3 dias,Homem,
2008,4 dias,Homem,
2008,5 dias,Homem,
2008,6 dias,Homem,
2008,7 a 27 dias,Homem,
2008,7 a 13 dias,Homem,
2008,14 a 20 dias,Homem,
2008,21 a 27 dias,Homem,
2008,28 a 364 dias,Homem,1
2008,28 a 59 dias,Homem,
2008,60 a 364 dias,Homem,1
2008,2 meses,Homem,1
2008,3 meses,Homem,
2008,4 meses,Homem,
2008,5 meses,Homem,
2008,6 meses,Homem,
2008,7 meses,Homem,
2008,8 meses,Homem,
2008,9 meses,Homem,
2008,10 meses,Homem,
2008,11 meses,Homem,
2008,1 a 14 anos,Homem,5
2008,1 a 4 anos,Homem,3
2008,1 ano,Homem,1
2008,2 anos,Homem,
2008,3 anos,Homem,
2008,4 anos,Homem,2
2008,5 a 9 anos,Homem,2
2008,5 anos,Homem,
2008,6 anos,Homem,
2008,7 anos,Homem,1
2008,8 anos,Homem,1
2008,9 anos,Homem,
2008,10 a 14 anos,Homem,
2008,10 anos,Homem,
2008,11 anos,Homem,
2008,12 anos,Homem,
2008,13 anos,Homem,
2008,14 anos,Homem,
2008,15 a 84 anos,Homem,91
2008,15 a 19 anos,Homem,5
2008,20 a 24 anos,Homem,7
2008,25 a 29 anos,Homem,3
2008,30 a 34 anos,Homem,3
2008,35 a 39 anos,Homem,5
2008,40 a 44 anos,Homem,5
2008,45 a 49 anos,Homem,3
2008,50 a 54 anos,Homem,12
2008,55 a 59 anos,Homem,6
2008,60 a 64 anos,Homem,7
2008,65 a 69 anos,Homem,9
2008,70 a 74 anos,Homem,11
2008,75 a 79 anos,Homem,9
2008,80 a 84 anos,Homem,6
2008,85 anos ou mais,Homem,13
2008,85 a 89 anos,Homem,4
2008,85 anos,Homem,
2008,86 anos,Homem,1
2008,87 anos,Homem,1
2008,88 anos,Homem,2
2008,89 anos,Homem,
2008,90 a 94 anos,Homem,6
2008,90 anos,Homem,
2008,91 anos,Homem,1
2008,92 anos,Homem,1
2008,93 anos,Homem,
2008,94 anos,Homem,4
2008,95 a 99 anos,Homem,2
2008,95 anos,Homem,1
2008,96 anos,Homem,
2008,97 anos,Homem,1
2008,98 anos,Homem,
2008,99 anos,Homem,
2008,100 anos ou mais,Homem,1
2008,Idade ignorada,Homem,
2008,Menos de 1 ano,Mulher,1
2008,Menos de 7 dias,Mulher,
2008,Menos de 1 dia,Mulher,
2008,1 dia,Mulher,
2008,2 dias,Mulher,
2008,3 dias,Mulher,
2008,4 dias,Mulher,
2008,5 dias,Mulher,
2008,6 dias,Mulher,
2008,7 a 27 dias,Mulher,
2008,7 a 13 dias,Mulher,
2008,14 a 20 dias,Mulher,
2008,21 a 27 dias,Mulher,
2008,28 a 364 dias,Mulher,1
2008,28 a 59 dias,Mulher,1
2008,60 a 364 dias,Mulher,
2008,2 meses,Mulher,
2008,3 meses,Mulher,
2008,4 meses,Mulher,
2008,5 meses,Mulher,
2008,6 meses,Mulher,
2008,7 meses,Mulher,
2008,8 meses,Mulher,
2008,9 meses,Mulher,
2008,10 meses,Mulher,
2008,11 meses,Mulher,
2008,1 a 14 anos,Mulher,2
2008,1 a 4 anos,Mulher,2
2008,1 ano,Mulher,2
2008,2 anos,Mulher,
2008,3 anos,Mulher,
2008,4 anos,Mulher,
2008,5 a 9 anos,Mulher,
2008,5 anos,Mulher,
2008,6 anos,Mulher,
2008,7 anos,Mulher,
2008,8 anos,Mulher,
2008,9 anos,Mulher,
2008,10 a 14 anos,Mulher,
2008,10 anos,Mulher,
2008,11 anos,Mulher,
2008,12 anos,Mulher,
2008,13 anos,Mulher,
2008,14 anos,Mulher,
2008,15 a 84 anos,Mulher,54
2008,15 a 19 anos,Mulher,1
2008,20 a 24 anos,Mulher,
2008,25 a 29 anos,Mulher,2
2008,30 a 34 anos,Mulher,4
2008,35 a 39 anos,Mulher,2
2008,40 a 44 anos,Mulher,2
2008,45 a 49 anos,Mulher,3
2008,50 a 54 anos,Mulher,4
2008,55 a 59 anos,Mulher,2
2008,60 a 64 anos,Mulher,9
2008,65 a 69 anos,Mulher,9
2008,70 a 74 anos,Mulher,7
2008,75 a 79 anos,Mulher,6
2008,80 a 84 anos,Mulher,3
2008,85 anos ou mais,Mulher,17
2008,85 a 89 anos,Mulher,2
2008,85 anos,Mulher,
2008,86 anos,Mulher,
2008,87 anos,Mulher,2
2008,88 anos,Mulher,
2008,89 anos,Mulher,
2008,90 a 94 anos,Mulher,9
2008,90 anos,Mulher,1
2008,91 anos,Mulher,
2008,92 anos,Mulher,3
2008,93 anos,Mulher,2
2008,94 anos,Mulher,3
2008,95 a 99 anos,Mulher,5
2008,95 anos,Mulher,1
2008,96 anos,Mulher,1
2008,97 anos,Mulher,1
2008,98 anos,Mulher,1
2008,99 anos,Mulher,1
2008,100 anos ou mais,Mulher,1
2008,Idade ignorada,Mulher,
2009,Menos de 1 ano,Homem,1
2009,Menos de 7 dias,Homem,
2009,Menos de 1 dia,Homem,
2009,1 dia,Homem,
2009,2 dias,Homem,
2009,3 dias,Homem,
2009,4 dias,Homem,
2009,5 dias,Homem,
2009,6 dias,Homem,
2009,7 a 27 dias,Homem,
2009,7 a 13 dias,Homem,
2009,14 a 20 dias,Homem,
2009,21 a 27 dias,Homem,
2009,28 a 364 dias,Homem,1
2009,28 a 59 dias,Homem,1
2009,60 a 364 dias,Homem,
2009,2 meses,Homem,
2009,3 meses,Homem,
2009,4 meses,Homem,
2009,5 meses,Homem,
2009,6 meses,Homem,
2009,7 meses,Homem,
2009,8 meses,Homem,
2009,9 meses,Homem,
2009,10 meses,Homem,
2009,11 meses,Homem,
2009,1 a 14 anos,Homem,2
2009,1 a 4 anos,Homem,
2009,1 ano,Homem,
2009,2 anos,Homem,
2009,3 anos,Homem,
2009,4 anos,Homem,
2009,5 a 9 anos,Homem,1
2009,5 anos,Homem,1
2009,6 anos,Homem,
2009,7 anos,Homem,
2009,8 anos,Homem,
2009,9 anos,Homem,
2009,10 a 14 anos,Homem,1
2009,10 anos,Homem,1
2009,11 anos,Homem,
2009,12 anos,Homem,
2009,13 anos,Homem,
2009,14 anos,Homem,
2009,15 a 84 anos,Homem,95
2009,15 a 19 anos,Homem,5
2009,20 a 24 anos,Homem,7
2009,25 a 29 anos,Homem,6
2009,30 a 34 anos,Homem,5
2009,35 a 39 anos,Homem,8
2009,40 a 44 anos,Homem,8
2009,45 a 49 anos,Homem,6
2009,50 a 54 anos,Homem,5
2009,55 a 59 anos,Homem,7
2009,60 a 64 anos,Homem,13
2009,65 a 69 anos,Homem,2
2009,70 a 74 anos,Homem,9
2009,75 a 79 anos,Homem,10
2009,80 a 84 anos,Homem,4
2009,85 anos ou mais,Homem,14
2009,85 a 89 anos,Homem,7
2009,85 anos,Homem,4
2009,86 anos,Homem,1
2009,87 anos,Homem,1
2009,88 anos,Homem,
2009,89 anos,Homem,1
2009,90 a 94 anos,Homem,6
2009,90 anos,Homem,2
2009,91 anos,Homem,1
2009,92 anos,Homem,
2009,93 anos,Homem,1
2009,94 anos,Homem,2
2009,95 a 99 anos,Homem,1
2009,95 anos,Homem,
2009,96 anos,Homem,
2009,97 anos,Homem,
2009,98 anos,Homem,1
2009,99 anos,Homem,
2009,100 anos ou mais,Homem,
2009,Idade ignorada,Homem,1
2009,Menos de 1 ano,Mulher,1
2009,Menos de 7 dias,Mulher,1
2009,Menos de 1 dia,Mulher,1
2009,1 dia,Mulher,
2009,2 dias,Mulher,
2009,3 dias,Mulher,
2009,4 dias,Mulher,
2009,5 dias,Mulher,
2009,6 dias,Mulher,
2009,7 a 27 dias,Mulher,
2009,7 a 13 dias,Mulher,
2009,14 a 20 dias,Mulher,
2009,21 a 27 dias,Mulher,
2009,28 a 364 dias,Mulher,
2009,28 a 59 dias,Mulher,
2009,60 a 364 dias,Mulher,
2009,2 meses,Mulher,
2009,3 meses,Mulher,
2009,4 meses,Mulher,
2009,5 meses,Mulher,
2009,6 meses,Mulher,
2009,7 meses,Mulher,
2009,8 meses,Mulher,
2009,9 meses,Mulher,
2009,10 meses,Mulher,
2009,11 meses,Mulher,
2009,1 a 14 anos,Mulher,4
2009,1 a 4 anos,Mulher,1
2009,1 ano,Mulher,
2009,2 anos,Mulher,1
2009,3 anos,Mulher,
2009,4 anos,Mulher,
2009,5 a 9 anos,Mulher,
2009,5 anos,Mulher,
2009,6 anos,Mulher,
2009,7 anos,Mulher,
2009,8 anos,Mulher,
2009,9 anos,Mulher,
2009,10 a 14 anos,Mulher,3
2009,10 anos,Mulher,1
2009,11 anos,Mulher,
2009,12 anos,Mulher,
2009,13 anos,Mulher,1
2009,14 anos,Mulher,1
2009,15 a 84 anos,Mulher,43
2009,15 a 19 anos,Mulher,1
2009,20 a 24 anos,Mulher,3
2009,25 a 29 anos,Mulher,2
2009,30 a 34 anos,Mulher,
2009,35 a 39 anos,Mulher,2
2009,40 a 44 anos,Mulher,3
2009,45 a 49 anos,Mulher,5
2009,50 a 54 anos,Mulher,1
2009,55 a 59 anos,Mulher,3
2009,60 a 64 anos,Mulher,4
2009,65 a 69 anos,Mulher,4
2009,70 a 74 anos,Mulher,4
2009,75 a 79 anos,Mulher,5
2009,80 a 84 anos,Mulher,6
2009,85 anos ou mais,Mulher,23
2009,85 a 89 anos,Mulher,3
2009,85 anos,Mulher,1
2009,86 anos,Mulher,
2009,87 anos,Mulher,
2009,88 anos,Mulher,1
2009,89 anos,Mulher,1
2009,90 a 94 anos,Mulher,9
2009,90 anos,Mulher,1
2009,91 anos,Mulher,3
2009,92 anos,Mulher,
2009,93 anos,Mulher,2
2009,94 anos,Mulher,3
2009,95 a 99 anos,Mulher,9
2009,95 anos,Mulher,2
2009,96 anos,Mulher,3
2009,97 anos,Mulher,
2009,98 anos,Mulher,1
2009,99 anos,Mulher,3
2009,100 anos ou mais,Mulher,2
2009,Idade ignorada,Mulher,
2010,Menos de 1 ano,Homem,4
2010,Menos de 7 dias,Homem,2
2010,Menos de 1 dia,Homem,1
2010,1 dia,Homem,
2010,2 dias,Homem,
2010,3 dias,Homem,
2010,4 dias,Homem,
2010,5 dias,Homem,1
2010,6 dias,Homem,
2010,7 a 27 dias,Homem,
2010,7 a 13 dias,Homem,
2010,14 a 20 dias,Homem,
2010,21 a 27 dias,Homem,
2010,28 a 364 dias,Homem,2
2010,28 a 59 dias,Homem,
2010,60 a 364 dias,Homem,2
2010,2 meses,Homem,1
2010,3 meses,Homem,
2010,4 meses,Homem,
2010,5 meses,Homem,
2010,6 meses,Homem,
2010,7 meses,Homem,
2010,8 meses,Homem,1
2010,9 meses,Homem,
2010,10 meses,Homem,
2010,11 meses,Homem,
2010,1 a 14 anos,Homem,1
2010,1 a 4 anos,Homem,1
2010,1 ano,Homem,1
2010,2 anos,Homem,
2010,3 anos,Homem,
2010,4 anos,Homem,
2010,5 a 9 anos,Homem,
2010,5 anos,Homem,
2010,6 anos,Homem,
2010,7 anos,Homem,
2010,8 anos,Homem,
2010,9 anos,Homem,
2010,10 a 14 anos,Homem,
2010,10 anos,Homem,
2010,11 anos,Homem,
2010,12 anos,Homem,
2010,13 anos,Homem,
2010,14 anos,Homem,
2010,15 a 84 anos,Homem,69
2010,15 a 19 anos,Homem,2
2010,20 a 24 anos,Homem,4
2010,25 a 29 anos,Homem,2
2010,30 a 34 anos,Homem,8
2010,35 a 39 anos,Homem,5
2010,40 a 44 anos,Homem,3
2010,45 a 49 anos,Homem,4
2010,50 a 54 anos,Homem,6
2010,55 a 59 anos,Homem,5
2010,60 a 64 anos,Homem,6
2010,65 a 69 anos,Homem,9
2010,70 a 74 anos,Homem,5
2010,75 a 79 anos,Homem,3
2010,80 a 84 anos,Homem,7
2010,85 anos ou mais,Homem,13
2010,85 a 89 anos,Homem,4
2010,85 anos,Homem,1
2010,86 anos,Homem,1
2010,87 anos,Homem,1
2010,88 anos,Homem,
2010,89 anos,Homem,1
2010,90 a 94 anos,Homem,5
2010,90 anos,Homem,1
2010,91 anos,Homem,
2010,92 anos,Homem,1
2010,93 anos,Homem,2
2010,94 anos,Homem,1
2010,95 a 99 anos,Homem,3
2010,95 anos,Homem,1
2010,96 anos,Homem,1
2010,97 anos,Homem,1
2010,98 anos,Homem,
2010,99 anos,Homem,
2010,100 anos ou mais,Homem,1
2010,Idade ignorada,Homem,3
2010,Menos de 1 ano,Mulher,1
2010,Menos de 7 dias,Mulher,
2010,Menos de 1 dia,Mulher,
2010,1 dia,Mulher,
2010,2 dias,Mulher,
2010,3 dias,Mulher,
2010,4 dias,Mulher,
2010,5 dias,Mulher,
2010,6 dias,Mulher,
2010,7 a 27 dias,Mulher,
2010,7 a 13 dias,Mulher,
2010,14 a 20 dias,Mulher,
2010,21 a 27 dias,Mulher,
2010,28 a 364 dias,Mulher,1
2010,28 a 59 dias,Mulher,1
2010,60 a 364 dias,Mulher,
2010,2 meses,Mulher,
2010,3 meses,Mulher,
2010,4 meses,Mulher,
2010,5 meses,Mulher,
2010,6 meses,Mulher,
2010,7 meses,Mulher,
2010,8 meses,Mulher,
2010,9 meses,Mulher,
2010,10 meses,Mulher,
2010,11 meses,Mulher,
2010,1 a 14 anos,Mulher,1
2010,1 a 4 anos,Mulher,
2010,1 ano,Mulher,
2010,2 anos,Mulher,
2010,3 anos,Mulher,
2010,4 anos,Mulher,
2010,5 a 9 anos,Mulher,1
2010,5 anos,Mulher,
2010,6 anos,Mulher,
2010,7 anos,Mulher,
2010,8 anos,Mulher,1
2010,9 anos,Mulher,
2010,10 a 14 anos,Mulher,
2010,10 anos,Mulher,
2010,11 anos,Mulher,
2010,12 anos,Mulher,
2010,13 anos,Mulher,
2010,14 anos,Mulher,
2010,15 a 84 anos,Mulher,36
2010,15 a 19 anos,Mulher,
2010,20 a 24 anos,Mulher,3
2010,25 a 29 anos,Mulher,4
2010,30 a 34 anos,Mulher,1
2010,35 a 39 anos,Mulher,1
2010,40 a 44 anos,Mulher,1
2010,45 a 49 anos,Mulher,3
2010,50 a 54 anos,Mulher,2
2010,55 a 59 anos,Mulher,6
2010,60 a 64 anos,Mulher,3
2010,65 a 69 anos,Mulher,2
2010,70 a 74 anos,Mulher,3
2010,75 a 79 anos,Mulher,4
2010,80 a 84 anos,Mulher,3
2010,85 anos ou mais,Mulher,14
2010,85 a 89 anos,Mulher,
2010,85 anos,Mulher,
2010,86 anos,Mulher,
2010,87 anos,Mulher,
2010,88 anos,Mulher,
2010,89 anos,Mulher,
2010,90 a 94 anos,Mulher,6
2010,90 anos,Mulher,2
2010,91 anos,Mulher,
2010,92 anos,Mulher,1
2010,93 anos,Mulher,2
2010,94 anos,Mulher,1
2010,95 a 99 anos,Mulher,6
2010,95 anos,Mulher,
2010,96 anos,Mulher,1
2010,97 anos,Mulher,3
2010,98 anos,Mulher,1
2010,99 anos,Mulher,1
2010,100 anos ou mais,Mulher,2
2010,Idade ignorada,Mulher,
2011,Menos de 1 ano,Homem,2
2011,Menos de 7 dias,Homem,1
2011,Menos de 1 dia,Homem,1
2011,1 dia,Homem,
2011,2 dias,Homem,
2011,3 dias,Homem,
2011,4 dias,Homem,
2011,5 dias,Homem,
2011,6 dias,Homem,
2011,7 a 27 dias,Homem,
2011,7 a 13 dias,Homem,
2011,14 a 20 dias,Homem,
2011,21 a 27 dias,Homem,
2011,28 a 364 dias,Homem,1
2011,28 a 59 dias,Homem,1
2011,60 a 364 dias,Homem,
2011,2 meses,Homem,
2011,3 meses,Homem,
2011,4 meses,Homem,
2011,5 meses,Homem,
2011,6 meses,Homem,
2011,7 meses,Homem,
2011,8 meses,Homem,
2011,9 meses,Homem,
2011,10 meses,Homem,
2011,11 meses,Homem,
2011,1 a 14 anos,Homem,1
2011,1 a 4 anos,Homem,
2011,1 ano,Homem,
2011,2 anos,Homem,
2011,3 anos,Homem,
2011,4 anos,Homem,
2011,5 a 9 anos,Homem,
2011,5 anos,Homem,
2011,6 anos,Homem,
2011,7 anos,Homem,
2011,8 anos,Homem,
2011,9 anos,Homem,
2011,10 a 14 anos,Homem,1
2011,10 anos,Homem,
2011,11 anos,Homem,
2011,12 anos,Homem,
2011,13 anos,Homem,
2011,14 anos,Homem,1
2011,15 a 84 anos,Homem,86
2011,15 a 19 anos,Homem,2
2011,20 a 24 anos,Homem,7
2011,25 a 29 anos,Homem,5
2011,30 a 34 anos,Homem,2
2011,35 a 39 anos,Homem,1
2011,40 a 44 anos,Homem,5
2011,45 a 49 anos,Homem,7
2011,50 a 54 anos,Homem,10
2011,55 a 59 anos,Homem,5
2011,60 a 64 anos,Homem,6
2011,65 a 69 anos,Homem,10
2011,70 a 74 anos,Homem,7
2011,75 a 79 anos,Homem,10
2011,80 a 84 anos,Homem,9
2011,85 anos ou mais,Homem,19
2011,85 a 89 anos,Homem,9
2011,85 anos,Homem,3
2011,86 anos,Homem,2
2011,87 anos,Homem,
2011,88 anos,Homem,2
2011,89 anos,Homem,2
2011,90 a 94 anos,Homem,5
2011,90 anos,Homem,1
2011,91 anos,Homem,2
2011,92 anos,Homem,1
2011,93 anos,Homem,
2011,94 anos,Homem,1
2011,95 a 99 anos,Homem,5
2011,95 anos,Homem,1
2011,96 anos,Homem,2
2011,97 anos,Homem,1
2011,98 anos,Homem,
2011,99 anos,Homem,1
2011,100 anos ou mais,Homem,
2011,Idade ignorada,Homem,4
2011,Menos de 1 ano,Mulher,
2011,Menos de 7 dias,Mulher,
2011,Menos de 1 dia,Mulher,
2011,1 dia,Mulher,
2011,2 dias,Mulher,
2011,3 dias,Mulher,
2011,4 dias,Mulher,
2011,5 dias,Mulher,
2011,6 dias,Mulher,
2011,7 a 27 dias,Mulher,
2011,7 a 13 dias,Mulher,
2011,14 a 20 dias,Mulher,
2011,21 a 27 dias,Mulher,
2011,28 a 364 dias,Mulher,
2011,28 a 59 dias,Mulher,
2011,60 a 364 dias,Mulher,
2011,2 meses,Mulher,
2011,3 meses,Mulher,
2011,4 meses,Mulher,
2011,5 meses,Mulher,
2011,6 meses,Mulher,
2011,7 meses,Mulher,
2011,8 meses,Mulher,
2011,9 meses,Mulher,
2011,10 meses,Mulher,
2011,11 meses,Mulher,
2011,1 a 14 anos,Mulher,1
2011,1 a 4 anos,Mulher,
2011,1 ano,Mulher,
2011,2 anos,Mulher,
2011,3 anos,Mulher,
2011,4 anos,Mulher,
2011,5 a 9 anos,Mulher,
2011,5 anos,Mulher,
2011,6 anos,Mulher,
2011,7 anos,Mulher,
2011,8 anos,Mulher,
2011,9 anos,Mulher,
2011,10 a 14 anos,Mulher,1
2011,10 anos,Mulher,
2011,11 anos,Mulher,
2011,12 anos,Mulher,
2011,13 anos,Mulher,1
2011,14 anos,Mulher,
2011,15 a 84 anos,Mulher,32
2011,15 a 19 anos,Mulher,1
2011,20 a 24 anos,Mulher,1
2011,25 a 29 anos,Mulher,2
2011,30 a 34 anos,Mulher,
2011,35 a 39 anos,Mulher,1
2011,40 a 44 anos,Mulher,
2011,45 a 49 anos,Mulher,3
2011,50 a 54 anos,Mulher,2
2011,55 a 59 anos,Mulher,4
2011,60 a 64 anos,Mulher,3
2011,65 a 69 anos,Mulher,4
2011,70 a 74 anos,Mulher,6
2011,75 a 79 anos,Mulher,2
2011,80 a 84 anos,Mulher,3
2011,85 anos ou mais,Mulher,18
2011,85 a 89 anos,Mulher,4
2011,85 anos,Mulher,1
2011,86 anos,Mulher,2
2011,87 anos,Mulher,
2011,88 anos,Mulher,
2011,89 anos,Mulher,1
2011,90 a 94 anos,Mulher,3
2011,90 anos,Mulher,1
2011,91 anos,Mulher,1
2011,92 anos,Mulher,1
2011,93 anos,Mulher,
2011,94 anos,Mulher,
2011,95 a 99 anos,Mulher,9
2011,95 anos,Mulher,2
2011,96 anos,Mulher,3
2011,97 anos,Mulher,1
2011,98 anos,Mulher,2
2011,99 anos,Mulher,1
2011,100 anos ou mais,Mulher,2
2011,Idade ignorada,Mulher,1
2012,Menos de 1 ano,Homem,1
2012,Menos de 7 dias,Homem,1
2012,Menos de 1 dia,Homem,1
2012,1 dia,Homem,
2012,2 dias,Homem,
2012,3 dias,Homem,
2012,4 dias,Homem,
2012,5 dias,Homem,
2012,6 dias,Homem,
2012,7 a 27 dias,Homem,
2012,7 a 13 dias,Homem,
2012,14 a 20 dias,Homem,
2012,21 a 27 dias,Homem,
2012,28 a 364 dias,Homem,
2012,28 a 59 dias,Homem,
2012,60 a 364 dias,Homem,
2012,2 meses,Homem,
2012,3 meses,Homem,
2012,4 meses,Homem,
2012,5 meses,Homem,
2012,6 meses,Homem,
2012,7 meses,Homem,
2012,8 meses,Homem,
2012,9 meses,Homem,
2012,10 meses,Homem,
2012,11 meses,Homem,
2012,1 a 14 anos,Homem,3
2012,1 a 4 anos,Homem,2
2012,1 ano,Homem,2
2012,2 anos,Homem,
2012,3 anos,Homem,
2012,4 anos,Homem,
2012,5 a 9 anos,Homem,1
2012,5 anos,Homem,1
2012,6 anos,Homem,
2012,7 anos,Homem,
2012,8 anos,Homem,
2012,9 anos,Homem,
2012,10 a 14 anos,Homem,
2012,10 anos,Homem,
2012,11 anos,Homem,
2012,12 anos,Homem,
2012,13 anos,Homem,
2012,14 anos,Homem,
2012,15 a 84 anos,Homem,86
2012,15 a 19 anos,Homem,2
2012,20 a 24 anos,Homem,5
2012,25 a 29 anos,Homem,9
2012,30 a 34 anos,Homem,7
2012,35 a 39 anos,Homem,6
2012,40 a 44 anos,Homem,6
2012,45 a 49 anos,Homem,7
2012,50 a 54 anos,Homem,6
2012,55 a 59 anos,Homem,4
2012,60 a 64 anos,Homem,12
2012,65 a 69 anos,Homem,3
2012,70 a 74 anos,Homem,6
2012,75 a 79 anos,Homem,5
2012,80 a 84 anos,Homem,8
2012,85 anos ou mais,Homem,12
2012,85 a 89 anos,Homem,5
2012,85 anos,Homem,
2012,86 anos,Homem,
2012,87 anos,Homem,1
2012,88 anos,Homem,2
2012,89 anos,Homem,2
2012,90 a 94 anos,Homem,3
2012,90 anos,Homem,
2012,91 anos,Homem,
2012,92 anos,Homem,1
2012,93 anos,Homem,2
2012,94 anos,Homem,
2012,95 a 99 anos,Homem,3
2012,95 anos,Homem,
2012,96 anos,Homem,1
2012,97 anos,Homem,1
2012,98 anos,Homem,1
2012,99 anos,Homem,
2012,100 anos ou mais,Homem,1
2012,Idade ignorada,Homem,2
2012,Menos de 1 ano,Mulher,1
2012,Menos de 7 dias,Mulher,1
2012,Menos de 1 dia,Mulher,
2012,1 dia,Mulher,1
2012,2 dias,Mulher,
2012,3 dias,Mulher,
2012,4 dias,Mulher,
2012,5 dias,Mulher,
2012,6 dias,Mulher,
2012,7 a 27 dias,Mulher,
2012,7 a 13 dias,Mulher,
2012,14 a 20 dias,Mulher,
2012,21 a 27 dias,Mulher,
2012,28 a 364 dias,Mulher,
2012,28 a 59 dias,Mulher,
2012,60 a 364 dias,Mulher,
2012,2 meses,Mulher,
2012,3 meses,Mulher,
2012,4 meses,Mulher,
2012,5 meses,Mulher,
2012,6 meses,Mulher,
2012,7 meses,Mulher,
2012,8 meses,Mulher,
2012,9 meses,Mulher,
2012,10 meses,Mulher,
2012,11 meses,Mulher,
2012,1 a 14 anos,Mulher,
2012,1 a 4 anos,Mulher,
2012,1 ano,Mulher,
2012,2 anos,Mulher,
2012,3 anos,Mulher,
2012,4 anos,Mulher,
2012,5 a 9 anos,Mulher,
2012,5 anos,Mulher,
2012,6 anos,Mulher,
2012,7 anos,Mulher,
2012,8 anos,Mulher,
2012,9 anos,Mulher,
2012,10 a 14 anos,Mulher,
2012,10 anos,Mulher,
2012,11 anos,Mulher,
2012,12 anos,Mulher,
2012,13 anos,Mulher,
2012,14 anos,Mulher,
2012,15 a 84 anos,Mulher,38
2012,15 a 19 anos,Mulher,1
2012,20 a 24 anos,Mulher,
2012,25 a 29 anos,Mulher,1
2012,30 a 34 anos,Mulher,1
2012,35 a 39 anos,Mulher,1
2012,40 a 44 anos,Mulher,1
2012,45 a 49 anos,Mulher,2
2012,50 a 54 anos,Mulher,1
2012,55 a 59 anos,Mulher,
2012,60 a 64 anos,Mulher,4
2012,65 a 69 anos,Mulher,9
2012,70 a 74 anos,Mulher,4
2012,75 a 79 anos,Mulher,8
2012,80 a 84 anos,Mulher,5
2012,85 anos ou mais,Mulher,19
2012,85 a 89 anos,Mulher,7
2012,85 anos,Mulher,2
2012,86 anos,Mulher,
2012,87 anos,Mulher,1
2012,88 anos,Mulher,1
2012,89 anos,Mulher,3
2012,90 a 94 anos,Mulher,5
2012,90 anos,Mulher,
2012,91 anos,Mulher,1
2012,92 anos,Mulher,1
2012,93 anos,Mulher,3
2012,94 anos,Mulher,
2012,95 a 99 anos,Mulher,7
2012,95 anos,Mulher,
2012,96 anos,Mulher,2
2012,97 anos,Mulher,4
2012,98 anos,Mulher,
2012,99 anos,Mulher,1
2012,100 anos ou mais,Mulher,
2012,Idade ignorada,Mulher,
2013,Menos de 1 ano,Homem,
2013,Menos de 7 dias,Homem,
2013,Menos de 1 dia,Homem,
2013,1 dia,Homem,
2013,2 dias,Homem,
2013,3 dias,Homem,
2013,4 dias,Homem,
2013,5 dias,Homem,
2013,6 dias,Homem,
2013,7 a 27 dias,Homem,
2013,7 a 13 dias,Homem,
2013,14 a 20 dias,Homem,
2013,21 a 27 dias,Homem,
2013,28 a 364 dias,Homem,
2013,28 a 59 dias,Homem,
2013,60 a 364 dias,Homem,
2013,2 meses,Homem,
2013,3 meses,Homem,
2013,4 meses,Homem,
2013,5 meses,Homem,
2013,6 meses,Homem,
2013,7 meses,Homem,
2013,8 meses,Homem,
2013,9 meses,Homem,
2013,10 meses,Homem,
2013,11 meses,Homem,
2013,1 a 14 anos,Homem,1
2013,1 a 4 anos,Homem,
2013,1 ano,Homem,
2013,2 anos,Homem,
2013,3 anos,Homem,
2013,4 anos,Homem,
2013,5 a 9 anos,Homem,
2013,5 anos,Homem,
2013,6 anos,Homem,
2013,7 anos,Homem,
2013,8 anos,Homem,
2013,9 anos,Homem,
2013,10 a 14 anos,Homem,1
2013,10 anos,Homem,
2013,11 anos,Homem,
2013,12 anos,Homem,
2013,13 anos,Homem,
2013,14 anos,Homem,1
2013,15 a 84 anos,Homem,94
2013,15 a 19 anos,Homem,11
2013,20 a 24 anos,Homem,8
2013,25 a 29 anos,Homem,10
2013,30 a 34 anos,Homem,3
2013,35 a 39 anos,Homem,5
2013,40 a 44 anos,Homem,4
2013,45 a 49 anos,Homem,3
2013,50 a 54 anos,Homem,9
2013,55 a 59 anos,Homem,8
2013,60 a 64 anos,Homem,10
2013,65 a 69 anos,Homem,2
2013,70 a 74 anos,Homem,7
2013,75 a 79 anos,Homem,8
2013,80 a 84 anos,Homem,6
2013,85 anos ou mais,Homem,10
2013,85 a 89 anos,Homem,5
2013,85 anos,Homem,1
2013,86 anos,Homem,
2013,87 anos,Homem,1
2013,88 anos,Homem,1
2013,89 anos,Homem,2
2013,90 a 94 anos,Homem,1
2013,90 anos,Homem,
2013,91 anos,Homem,
2013,92 anos,Homem,
2013,93 anos,Homem,1
2013,94 anos,Homem,
2013,95 a 99 anos,Homem,1
2013,95 anos,Homem,
2013,96 anos,Homem,
2013,97 anos,Homem,
2013,98 anos,Homem,1
2013,99 anos,Homem,
2013,100 anos ou mais,Homem,3
2013,Idade ignorada,Homem,3
2013,Menos de 1 ano,Mulher,
2013,Menos de 7 dias,Mulher,
2013,Menos de 1 dia,Mulher,
2013,1 dia,Mulher,
2013,2 dias,Mulher,
2013,3 dias,Mulher,
2013,4 dias,Mulher,
2013,5 dias,Mulher,
2013,6 dias,Mulher,
2013,7 a 27 dias,Mulher,
2013,7 a 13 dias,Mulher,
2013,14 a 20 dias,Mulher,
2013,21 a 27 dias,Mulher,
2013,28 a 364 dias,Mulher,
2013,28 a 59 dias,Mulher,
2013,60 a 364 dias,Mulher,
2013,2 meses,Mulher,
2013,3 meses,Mulher,
2013,4 meses,Mulher,
2013,5 meses,Mulher,
2013,6 meses,Mulher,
2013,7 meses,Mulher,
2013,8 meses,Mulher,
2013,9 meses,Mulher,
2013,10 meses,Mulher,
2013,11 meses,Mulher,
2013,1 a 14 anos,Mulher,1
2013,1 a 4 anos,Mulher,
2013,1 ano,Mulher,
2013,2 anos,Mulher,
2013,3 anos,Mulher,
2013,4 anos,Mulher,
2013,5 a 9 anos,Mulher,1
2013,5 anos,Mulher,
2013,6 anos,Mulher,
2013,7 anos,Mulher,1
2013,8 anos,Mulher,
2013,9 anos,Mulher,
2013,10 a 14 anos,Mulher,
2013,10 anos,Mulher,
2013,11 anos,Mulher,
2013,12 anos,Mulher,
2013,13 anos,Mulher,
2013,14 anos,Mulher,
2013,15 a 84 anos,Mulher,46
2013,15 a 19 anos,Mulher,1
2013,20 a 24 anos,Mulher,
2013,25 a 29 anos,Mulher,2
2013,30 a 34 anos,Mulher,1
2013,35 a 39 anos,Mulher,1
2013,40 a 44 anos,Mulher,3
2013,45 a 49 anos,Mulher,3
2013,50 a 54 anos,Mulher,1
2013,55 a 59 anos,Mulher,4
2013,60 a 64 anos,Mulher,1
2013,65 a 69 anos,Mulher,12
2013,70 a 74 anos,Mulher,7
2013,75 a 79 anos,Mulher,4
2013,80 a 84 anos,Mulher,6
2013,85 anos ou mais,Mulher,22
2013,85 a 89 anos,Mulher,5
2013,85 anos,Mulher,
2013,86 anos,Mulher,1
2013,87 anos,Mulher,
2013,88 anos,Mulher,2
2013,89 anos,Mulher,2
2013,90 a 94 anos,Mulher,5
2013,90 anos,Mulher,
2013,91 anos,Mulher,1
2013,92 anos,Mulher,3
2013,93 anos,Mulher,1
2013,94 anos,Mulher,
2013,95 a 99 anos,Mulher,7
2013,95 anos,Mulher,1
2013,96 anos,Mulher,3
2013,97 anos,Mulher,1
2013,98 anos,Mulher,2
2013,99 anos,Mulher,
2013,100 anos ou mais,Mulher,5
2013,Idade ignorada,Mulher,1
2014,Menos de 1 ano,Homem,
2014,Menos de 7 dias,Homem,
2014,Menos de 1 dia,Homem,
2014,1 dia,Homem,
2014,2 dias,Homem,
2014,3 dias,Homem,
2014,4 dias,Homem,
2014,5 dias,Homem,
2014,6 dias,Homem,
2014,7 a 27 dias,Homem,
2014,7 a 13 dias,Homem,
2014,14 a 20 dias,Homem,
2014,21 a 27 dias,Homem,
2014,28 a 364 dias,Homem,
2014,28 a 59 dias,Homem,
2014,60 a 364 dias,Homem,
2014,2 meses,Homem,
2014,3 meses,Homem,
2014,4 meses,Homem,
2014,5 meses,Homem,
2014,6 meses,Homem,
2014,7 meses,Homem,
2014,8 meses,Homem,
2014,9 meses,Homem,
2014,10 meses,Homem,
2014,11 meses,Homem,
2014,1 a 14 anos,Homem,2
2014,1 a 4 anos,Homem,
2014,1 ano,Homem,
2014,2 anos,Homem,
2014,3 anos,Homem,
2014,4 anos,Homem,
2014,5 a 9 anos,Homem,1
2014,5 anos,Homem,1
2014,6 anos,Homem,
2014,7 anos,Homem,
2014,8 anos,Homem,
2014,9 anos,Homem,
2014,10 a 14 anos,Homem,1
2014,10 anos,Homem,
2014,11 anos,Homem,
2014,12 anos,Homem,
2014,13 anos,Homem,
2014,14 anos,Homem,1
2014,15 a 84 anos,Homem,108
2014,15 a 19 anos,Homem,5
2014,20 a 24 anos,Homem,7
2014,25 a 29 anos,Homem,9
2014,30 a 34 anos,Homem,9
2014,35 a 39 anos,Homem,4
2014,40 a 44 anos,Homem,10
2014,45 a 49 anos,Homem,5
2014,50 a 54 anos,Homem,10
2014,55 a 59 anos,Homem,7
2014,60 a 64 anos,Homem,9
2014,65 a 69 anos,Homem,10
2014,70 a 74 anos,Homem,8
2014,75 a 79 anos,Homem,10
2014,80 a 84 anos,Homem,5
2014,85 anos ou mais,Homem,12
2014,85 a 89 anos,Homem,3
2014,85 anos,Homem,2
2014,86 anos,Homem,
2014,87 anos,Homem,
2014,88 anos,Homem,1
2014,89 anos,Homem,
2014,90 a 94 anos,Homem,3
2014,90 anos,Homem,2
2014,91 anos,Homem,
2014,92 anos,Homem,1
2014,93 anos,Homem,
2014,94 anos,Homem,
2014,95 a 99 anos,Homem,3
2014,95 anos,Homem,3
2014,96 anos,Homem,
2014,97 anos,Homem,
2014,98 anos,Homem,
2014,99 anos,Homem,
2014,100 anos ou mais,Homem,3
2014,Idade ignorada,Homem,1
2014,Menos de 1 ano,Mulher,2
2014,Menos de 7 dias,Mulher,1
2014,Menos de 1 dia,Mulher,1
2014,1 dia,Mulher,
2014,2 dias,Mulher,
2014,3 dias,Mulher,
2014,4 dias,Mulher,
2014,5 dias,Mulher,
2014,6 dias,Mulher,
2014,7 a 27 dias,Mulher,
2014,7 a 13 dias,Mulher,
2014,14 a 20 dias,Mulher,
2014,21 a 27 dias,Mulher,
2014,28 a 364 dias,Mulher,1
2014,28 a 59 dias,Mulher,1
2014,60 a 364 dias,Mulher,
2014,2 meses,Mulher,
2014,3 meses,Mulher,
2014,4 meses,Mulher,
2014,5 meses,Mulher,
2014,6 meses,Mulher,
2014,7 meses,Mulher,
2014,8 meses,Mulher,
2014,9 meses,Mulher,
2014,10 meses,Mulher,
2014,11 meses,Mulher,
2014,1 a 14 anos,Mulher,1
2014,1 a 4 anos,Mulher,
2014,1 ano,Mulher,
2014,2 anos,Mulher,
2014,3 anos,Mulher,
2014,4 anos,Mulher,
2014,5 a 9 anos,Mulher,1
2014,5 anos,Mulher,
2014,6 anos,Mulher,
2014,7 anos,Mulher,
2014,8 anos,Mulher,
2014,9 anos,Mulher,1
2014,10 a 14 anos,Mulher,
2014,10 anos,Mulher,
2014,11 anos,Mulher,
2014,12 anos,Mulher,
2014,13 anos,Mulher,
2014,14 anos,Mulher,
2014,15 a 84 anos,Mulher,28
2014,15 a 19 anos,Mulher,1
2014,20 a 24 anos,Mulher,2
2014,25 a 29 anos,Mulher,
2014,30 a 34 anos,Mulher,
2014,35 a 39 anos,Mulher,2
2014,40 a 44 anos,Mulher,
2014,45 a 49 anos,Mulher,1
2014,50 a 54 anos,Mulher,1
2014,55 a 59 anos,Mulher,2
2014,60 a 64 anos,Mulher,2
2014,65 a 69 anos,Mulher,3
2014,70 a 74 anos,Mulher,7
2014,75 a 79 anos,Mulher,6
2014,80 a 84 anos,Mulher,1
2014,85 anos ou mais,Mulher,17
2014,85 a 89 anos,Mulher,6
2014,85 anos,Mulher,
2014,86 anos,Mulher,3
2014,87 anos,Mulher,1
2014,88 anos,Mulher,2
2014,89 anos,Mulher,
2014,90 a 94 anos,Mulher,6
2014,90 anos,Mulher,1
2014,91 anos,Mulher,1
2014,92 anos,Mulher,1
2014,93 anos,Mulher,
2014,94 anos,Mulher,3
2014,95 a 99 anos,Mulher,3
2014,95 anos,Mulher,
2014,96 anos,Mulher,1
2014,97 anos,Mulher,1
2014,98 anos,Mulher,
2014,99 anos,Mulher,1
2014,100 anos ou mais,Mulher,2
2014,Idade ignorada,Mulher,
2015,Menos de 1 ano,Homem,
2015,Menos de 7 dias,Homem,
2015,Menos de 1 dia,Homem,
2015,1 dia,Homem,
2015,2 dias,Homem,
2015,3 dias,Homem,
2015,4 dias,Homem,
2015,5 dias,Homem,
2015,6 dias,Homem,
2015,7 a 27 dias,Homem,
2015,7 a 13 dias,Homem,
2015,14 a 20 dias,Homem,
2015,21 a 27 dias,Homem,
2015,28 a 364 dias,Homem,
2015,28 a 59 dias,Homem,
2015,60 a 364 dias,Homem,
2015,2 meses,Homem,
2015,3 meses,Homem,
2015,4 meses,Homem,
2015,5 meses,Homem,
2015,6 meses,Homem,
2015,7 meses,Homem,
2015,8 meses,Homem,
2015,9 meses,Homem,
2015,10 meses,Homem,
2015,11 meses,Homem,
2015,1 a 14 anos,Homem,4
2015,1 a 4 anos,Homem,1
2015,1 ano,Homem,
2015,2 anos,Homem,
2015,3 anos,Homem,1
2015,4 anos,Homem,
2015,5 a 9 anos,Homem,1
2015,5 anos,Homem,
2015,6 anos,Homem,
2015,7 anos,Homem,1
2015,8 anos,Homem,
2015,9 anos,Homem,
2015,10 a 14 anos,Homem,2
2015,10 anos,Homem,
2015,11 anos,Homem,
2015,12 anos,Homem,
2015,13 anos,Homem,2
2015,14 anos,Homem,
2015,15 a 84 anos,Homem,104
2015,15 a 19 anos,Homem,3
2015,20 a 24 anos,Homem,5
2015,25 a 29 anos,Homem,5
2015,30 a 34 anos,Homem,5
2015,35 a 39 anos,Homem,2
2015,40 a 44 anos,Homem,4
2015,45 a 49 anos,Homem,8
2015,50 a 54 anos,Homem,12
2015,55 a 59 anos,Homem,7
2015,60 a 64 anos,Homem,12
2015,65 a 69 anos,Homem,11
2015,70 a 74 anos,Homem,11
2015,75 a 79 anos,Homem,11
2015,80 a 84 anos,Homem,8
2015,85 anos ou mais,Homem,10
2015,85 a 89 anos,Homem,3
2015,85 anos,Homem,
2015,86 anos,Homem,2
2015,87 anos,Homem,
2015,88 anos,Homem,
2015,89 anos,Homem,1
2015,90 a 94 anos,Homem,3
2015,90 anos,Homem,1
2015,91 anos,Homem,
2015,92 anos,Homem,
2015,93 anos,Homem,1
2015,94 anos,Homem,1
2015,95 a 99 anos,Homem,3
2015,95 anos,Homem,1
2015,96 anos,Homem,
2015,97 anos,Homem,
2015,98 anos,Homem,1
2015,99 anos,Homem,1
2015,100 anos ou mais,Homem,1
2015,Idade ignorada,Homem,3
2015,Menos de 1 ano,Mulher,
2015,Menos de 7 dias,Mulher,
2015,Menos de 1 dia,Mulher,
2015,1 dia,Mulher,
2015,2 dias,Mulher,
2015,3 dias,Mulher,
2015,4 dias,Mulher,
2015,5 dias,Mulher,
2015,6 dias,Mulher,
2015,7 a 27 dias,Mulher,
2015,7 a 13 dias,Mulher,
2015,14 a 20 dias,Mulher,
2015,21 a 27 dias,Mulher,
2015,28 a 364 dias,Mulher,
2015,28 a 59 dias,Mulher,
2015,60 a 364 dias,Mulher,
2015,2 meses,Mulher,
2015,3 meses,Mulher,
2015,4 meses,Mulher,
2015,5 meses,Mulher,
2015,6 meses,Mulher,
2015,7 meses,Mulher,
2015,8 meses,Mulher,
2015,9 meses,Mulher,
2015,10 meses,Mulher,
2015,11 meses,Mulher,
2015,1 a 14 anos,Mulher,1
2015,1 a 4 anos,Mulher,1
2015,1 ano,Mulher,
2015,2 anos,Mulher,1
2015,3 anos,Mulher,
2015,4 anos,Mulher,
2015,5 a 9 anos,Mulher,
2015,5 anos,Mulher,
2015,6 anos,Mulher,
2015,7 anos,Mulher,
2015,8 anos,Mulher,
2015,9 anos,Mulher,
2015,10 a 14 anos,Mulher,
2015,10 anos,Mulher,
2015,11 anos,Mulher,
2015,12 anos,Mulher,
2015,13 anos,Mulher,
2015,14 anos,Mulher,
2015,15 a 84 anos,Mulher,44
2015,15 a 19 anos,Mulher,1
2015,20 a 24 anos,Mulher,
2015,25 a 29 anos,Mulher,1
2015,30 a 34 anos,Mulher,1
2015,35 a 39 anos,Mulher,
2015,40 a 44 anos,Mulher,2
2015,45 a 49 anos,Mulher,2
2015,50 a 54 anos,Mulher,2
2015,55 a 59 anos,Mulher,2
2015,60 a 64 anos,Mulher,5
2015,65 a 69 anos,Mulher,7
2015,70 a 74 anos,Mulher,8
2015,75 a 79 anos,Mulher,4
2015,80 a 84 anos,Mulher,9
2015,85 anos ou mais,Mulher,8
2015,85 a 89 anos,Mulher,3
2015,85 anos,Mulher,2
2015,86 anos,Mulher,
2015,87 anos,Mulher,
2015,88 anos,Mulher,
2015,89 anos,Mulher,1
2015,90 a 94 anos,Mulher,
2015,90 anos,Mulher,
2015,91 anos,Mulher,
2015,92 anos,Mulher,
2015,93 anos,Mulher,
2015,94 anos,Mulher,
2015,95 a 99 anos,Mulher,2
2015,95 anos,Mulher,
2015,96 anos,Mulher,1
2015,97 anos,Mulher,
2015,98 anos,Mulher,1
2015,99 anos,Mulher,
2015,100 anos ou mais,Mulher,3
2015,Idade ignorada,Mulher,
2016,Menos de 1 ano,Homem,
2016,Menos de 7 dias,Homem,
2016,Menos de 1 dia,Homem,
2016,1 dia,Homem,
2016,2 dias,Homem,
2016,3 dias,Homem,
2016,4 dias,Homem,
2016,5 dias,Homem,
2016,6 dias,Homem,
2016,7 a 27 dias,Homem,
2016,7 a 13 dias,Homem,
2016,14 a 20 dias,Homem,
2016,21 a 27 dias,Homem,
2016,28 a 364 dias,Homem,
2016,28 a 59 dias,Homem,
2016,60 a 364 dias,Homem,
2016,2 meses,Homem,
2016,3 meses,Homem,
2016,4 meses,Homem,
2016,5 meses,Homem,
2016,6 meses,Homem,
2016,7 meses,Homem,
2016,8 meses,Homem,
2016,9 meses,Homem,
2016,10 meses,Homem,
2016,11 meses,Homem,
2016,1 a 14 anos,Homem,
2016,1 a 4 anos,Homem,
2016,1 ano,Homem,
2016,2 anos,Homem,
2016,3 anos,Homem,
2016,4 anos,Homem,
2016,5 a 9 anos,Homem,
2016,5 anos,Homem,
2016,6 anos,Homem,
2016,7 anos,Homem,
2016,8 anos,Homem,
2016,9 anos,Homem,
2016,10 a 14 anos,Homem,
2016,10 anos,Homem,
2016,11 anos,Homem,
2016,12 anos,Homem,
2016,13 anos,Homem,
2016,14 anos,Homem,
2016,15 a 84 anos,Homem,96
2016,15 a 19 anos,Homem,5
2016,20 a 24 anos,Homem,10
2016,25 a 29 anos,Homem,6
2016,30 a 34 anos,Homem,4
2016,35 a 39 anos,Homem,3
2016,40 a 44 anos,Homem,4
2016,45 a 49 anos,Homem,11
2016,50 a 54 anos,Homem,6
2016,55 a 59 anos,Homem,14
2016,60 a 64 anos,Homem,5
2016,65 a 69 anos,Homem,9
2016,70 a 74 anos,Homem,6
2016,75 a 79 anos,Homem,8
2016,80 a 84 anos,Homem,5
2016,85 anos ou mais,Homem,11
2016,85 a 89 anos,Homem,4
2016,85 anos,Homem,3
2016,86 anos,Homem,
2016,87 anos,Homem,
2016,88 anos,Homem,1
2016,89 anos,Homem,
2016,90 a 94 anos,Homem,2
2016,90 anos,Homem,
2016,91 anos,Homem,
2016,92 anos,Homem,
2016,93 anos,Homem,
2016,94 anos,Homem,2
2016,95 a 99 anos,Homem,3
2016,95 anos,Homem,
2016,96 anos,Homem,2
2016,97 anos,Homem,
2016,98 anos,Homem,1
2016,99 anos,Homem,
2016,100 anos ou mais,Homem,2
2016,Idade ignorada,Homem,2
2016,Menos de 1 ano,Mulher,1
2016,Menos de 7 dias,Mulher,1
2016,Menos de 1 dia,Mulher,
2016,1 dia,Mulher,
2016,2 dias,Mulher,1
2016,3 dias,Mulher,
2016,4 dias,Mulher,
2016,5 dias,Mulher,
2016,6 dias,Mulher,
2016,7 a 27 dias,Mulher,
2016,7 a 13 dias,Mulher,
2016,14 a 20 dias,Mulher,
2016,21 a 27 dias,Mulher,
2016,28 a 364 dias,Mulher,
2016,28 a 59 dias,Mulher,
2016,60 a 364 dias,Mulher,
2016,2 meses,Mulher,
2016,3 meses,Mulher,
2016,4 meses,Mulher,
2016,5 meses,Mulher,
2016,6 meses,Mulher,
2016,7 meses,Mulher,
2016,8 meses,Mulher,
2016,9 meses,Mulher,
2016,10 meses,Mulher,
2016,11 meses,Mulher,
2016,1 a 14 anos,Mulher,2
2016,1 a 4 anos,Mulher,1
2016,1 ano,Mulher,
2016,2 anos,Mulher,1
2016,3 anos,Mulher,
2016,4 anos,Mulher,
2016,5 a 9 anos,Mulher,1
2016,5 anos,Mulher,
2016,6 anos,Mulher,1
2016,7 anos,Mulher,
2016,8 anos,Mulher,
2016,9 anos,Mulher,
2016,10 a 14 anos,Mulher,
2016,10 anos,Mulher,
2016,11 anos,Mulher,
2016,12 anos,Mulher,
2016,13 anos,Mulher,
2016,14 anos,Mulher,
2016,15 a 84 anos,Mulher,53
2016,15 a 19 anos,Mulher,
2016,20 a 24 anos,Mulher,3
2016,25 a 29 anos,Mulher,1
2016,30 a 34 anos,Mulher,1
2016,35 a 39 anos,Mulher,1
2016,40 a 44 anos,Mulher,1
2016,45 a 49 anos,Mulher,7
2016,50 a 54 anos,Mulher,8
2016,55 a 59 anos,Mulher,1
2016,60 a 64 anos,Mulher,7
2016,65 a 69 anos,Mulher,5
2016,70 a 74 anos,Mulher,5
2016,75 a 79 anos,Mulher,7
2016,80 a 84 anos,Mulher,6
2016,85 anos ou mais,Mulher,20
2016,85 a 89 anos,Mulher,7
2016,85 anos,Mulher,3
2016,86 anos,Mulher,1
2016,87 anos,Mulher,1
2016,88 anos,Mulher,
2016,89 anos,Mulher,2
2016,90 a 94 anos,Mulher,6
2016,90 anos,Mulher,2
2016,91 anos,Mulher,
2016,92 anos,Mulher,2
2016,93 anos,Mulher,1
2016,94 anos,Mulher,1
2016,95 a 99 anos,Mulher,3
2016,95 anos,Mulher,
2016,96 anos,Mulher,1
2016,97 anos,Mulher,1
2016,98 anos,Mulher,
2016,99 anos,Mulher,1
2016,100 anos ou mais,Mulher,4
2016,Idade ignorada,Mulher,
2017,Menos de 1 ano,Homem,5
2017,Menos de 7 dias,Homem,2
2017,Menos de 1 dia,Homem,
2017,1 dia,Homem,2
2017,2 dias,Homem,
2017,3 dias,Homem,
2017,4 dias,Homem,
2017,5 dias,Homem,
2017,6 dias,Homem,
2017,7 a 27 dias,Homem,
2017,7 a 13 dias,Homem,
2017,14 a 20 dias,Homem,
2017,21 a 27 dias,Homem,
2017,28 a 364 dias,Homem,3
2017,28 a 59 dias,Homem,1
2017,60 a 364 dias,Homem,2
2017,2 meses,Homem,2
2017,3 meses,Homem,
2017,4 meses,Homem,
2017,5 meses,Homem,
2017,6 meses,Homem,
2017,7 meses,Homem,
2017,8 meses,Homem,
2017,9 meses,Homem,
2017,10 meses,Homem,
2017,11 meses,Homem,
2017,1 a 14 anos,Homem,3
2017,1 a 4 anos,Homem,
2017,1 ano,Homem,
2017,2 anos,Homem,
2017,3 anos,Homem,
2017,4 anos,Homem,
2017,5 a 9 anos,Homem,1
2017,5 anos,Homem,
2017,6 anos,Homem,
2017,7 anos,Homem,1
2017,8 anos,Homem,
2017,9 anos,Homem,
2017,10 a 14 anos,Homem,2
2017,10 anos,Homem,
2017,11 anos,Homem,
2017,12 anos,Homem,
2017,13 anos,Homem,1
2017,14 anos,Homem,1
2017,15 a 84 anos,Homem,113
2017,15 a 19 anos,Homem,11
2017,20 a 24 anos,Homem,8
2017,25 a 29 anos,Homem,6
2017,30 a 34 anos,Homem,9
2017,35 a 39 anos,Homem,4
2017,40 a 44 anos,Homem,5
2017,45 a 49 anos,Homem,8
2017,50 a 54 anos,Homem,9
2017,55 a 59 anos,Homem,7
2017,60 a 64 anos,Homem,12
2017,65 a 69 anos,Homem,8
2017,70 a 74 anos,Homem,13
2017,75 a 79 anos,Homem,2
2017,80 a 84 anos,Homem,11
2017,85 anos ou mais,Homem,9
2017,85 a 89 anos,Homem,2
2017,85 anos,Homem,
2017,86 anos,Homem,
2017,87 anos,Homem,1
2017,88 anos,Homem,
2017,89 anos,Homem,1
2017,90 a 94 anos,Homem,4
2017,90 anos,Homem,1
2017,91 anos,Homem,1
2017,92 anos,Homem,
2017,93 anos,Homem,1
2017,94 anos,Homem,1
2017,95 a 99 anos,Homem,1
2017,95 anos,Homem,1
2017,96 anos,Homem,
2017,97 anos,Homem,
2017,98 anos,Homem,
2017,99 anos,Homem,
2017,100 anos ou mais,Homem,2
2017,Idade ignorada,Homem,
2017,Menos de 1 ano,Mulher,
2017,Menos de 7 dias,Mulher,
2017,Menos de 1 dia,Mulher,
2017,1 dia,Mulher,
2017,2 dias,Mulher,
2017,3 dias,Mulher,
2017,4 dias,Mulher,
2017,5 dias,Mulher,
2017,6 dias,Mulher,
2017,7 a 27 dias,Mulher,
2017,7 a 13 dias,Mulher,
2017,14 a 20 dias,Mulher,
2017,21 a 27 dias,Mulher,
2017,28 a 364 dias,Mulher,
2017,28 a 59 dias,Mulher,
2017,60 a 364 dias,Mulher,
2017,2 meses,Mulher,
2017,3 meses,Mulher,
2017,4 meses,Mulher,
2017,5 meses,Mulher,
2017,6 meses,Mulher,
2017,7 meses,Mulher,
2017,8 meses,Mulher,
2017,9 meses,Mulher,
2017,10 meses,Mulher,
2017,11 meses,Mulher,
2017,1 a 14 anos,Mulher,2
2017,1 a 4 anos,Mulher,1
2017,1 ano,Mulher,
2017,2 anos,Mulher,
2017,3 anos,Mulher,1
2017,4 anos,Mulher,
2017,5 a 9 anos,Mulher,
2017,5 anos,Mulher,
2017,6 anos,Mulher,
2017,7 anos,Mulher,
2017,8 anos,Mulher,
2017,9 anos,Mulher,
2017,10 a 14 anos,Mulher,1
2017,10 anos,Mulher,
2017,11 anos,Mulher,
2017,12 anos,Mulher,1
2017,13 anos,Mulher,
2017,14 anos,Mulher,
2017,15 a 84 anos,Mulher,59
2017,15 a 19 anos,Mulher,1
2017,20 a 24 anos,Mulher,1
2017,25 a 29 anos,Mulher,
2017,30 a 34 anos,Mulher,2
2017,35 a 39 anos,Mulher,1
2017,40 a 44 anos,Mulher,3
2017,45 a 49 anos,Mulher,2
2017,50 a 54 anos,Mulher,5
2017,55 a 59 anos,Mulher,7
2017,60 a 64 anos,Mulher,3
2017,65 a 69 anos,Mulher,6
2017,70 a 74 anos,Mulher,9
2017,75 a 79 anos,Mulher,8
2017,80 a 84 anos,Mulher,11
2017,85 anos ou mais,Mulher,24
2017,85 a 89 anos,Mulher,11
2017,85 anos,Mulher,3
2017,86 anos,Mulher,4
2017,87 anos,Mulher,3
2017,88 anos,Mulher,
2017,89 anos,Mulher,1
2017,90 a 94 anos,Mulher,7
2017,90 anos,Mulher,1
2017,91 anos,Mulher,2
2017,92 anos,Mulher,3
2017,93 anos,Mulher,1
2017,94 anos,Mulher,
2017,95 a 99 anos,Mulher,2
2017,95 anos,Mulher,
2017,96 anos,Mulher,1
2017,97 anos,Mulher,1
2017,98 anos,Mulher,
2017,99 anos,Mulher,
2017,100 anos ou mais,Mulher,4
2017,Idade ignorada,Mulher,
2018,Menos de 1 ano,Homem,1
2018,Menos de 7 dias,Homem,1
2018,Menos de 1 dia,Homem,
2018,1 dia,Homem,1
2018,2 dias,Homem,
2018,3 dias,Homem,
2018,4 dias,Homem,
2018,5 dias,Homem,
2018,6 dias,Homem,
2018,7 a 27 dias,Homem,
2018,7 a 13 dias,Homem,
2018,14 a 20 dias,Homem,
2018,21 a 27 dias,Homem,
2018,28 a 364 dias,Homem,
2018,28 a 59 dias,Homem,
2018,60 a 364 dias,Homem,
2018,2 meses,Homem,
2018,3 meses,Homem,
2018,4 meses,Homem,
2018,5 meses,Homem,
2018,6 meses,Homem,
2018,7 meses,Homem,
2018,8 meses,Homem,
2018,9 meses,Homem,
2018,10 meses,Homem,
2018,11 meses,Homem,
2018,1 a 14 anos,Homem,2
2018,1 a 4 anos,Homem,1
2018,1 ano,Homem,1
2018,2 anos,Homem,
2018,3 anos,Homem,
2018,4 anos,Homem,
2018,5 a 9 anos,Homem,
2018,5 anos,Homem,
2018,6 anos,Homem,
2018,7 anos,Homem,
2018,8 anos,Homem,
2018,9 anos,Homem,
2018,10 a 14 anos,Homem,1
2018,10 anos,Homem,
2018,11 anos,Homem,
2018,12 anos,Homem,
2018,13 anos,Homem,
2018,14 anos,Homem,1
2018,15 a 84 anos,Homem,111
2018,15 a 19 anos,Homem,6
2018,20 a 24 anos,Homem,9
2018,25 a 29 anos,Homem,6
2018,30 a 34 anos,Homem,6
2018,35 a 39 anos,Homem,7
2018,40 a 44 anos,Homem,6
2018,45 a 49 anos,Homem,3
2018,50 a 54 anos,Homem,7
2018,55 a 59 anos,Homem,10
2018,60 a 64 anos,Homem,9
2018,65 a 69 anos,Homem,13
2018,70 a 74 anos,Homem,10
2018,75 a 79 anos,Homem,9
2018,80 a 84 anos,Homem,10
2018,85 anos ou mais,Homem,16
2018,85 a 89 anos,Homem,6
2018,85 anos,Homem,
2018,86 anos,Homem,
2018,87 anos,Homem,2
2018,88 anos,Homem,2
2018,89 anos,Homem,2
2018,90 a 94 anos,Homem,4
2018,90 anos,Homem,
2018,91 anos,Homem,3
2018,92 anos,Homem,
2018,93 anos,Homem,1
2018,94 anos,Homem,
2018,95 a 99 anos,Homem,3
2018,95 anos,Homem,1
2018,96 anos,Homem,2
2018,97 anos,Homem,
2018,98 anos,Homem,
2018,99 anos,Homem,
2018,100 anos ou mais,Homem,3
2018,Idade ignorada,Homem,1
2018,Menos de 1 ano,Mulher,
2018,Menos de 7 dias,Mulher,
2018,Menos de 1 dia,Mulher,
2018,1 dia,Mulher,
2018,2 dias,Mulher,
2018,3 dias,Mulher,
2018,4 dias,Mulher,
2018,5 dias,Mulher,
2018,6 dias,Mulher,
2018,7 a 27 dias,Mulher,
2018,7 a 13 dias,Mulher,
2018,14 a 20 dias,Mulher,
2018,21 a 27 dias,Mulher,
2018,28 a 364 dias,Mulher,
2018,28 a 59 dias,Mulher,
2018,60 a 364 dias,Mulher,
2018,2 meses,Mulher,
2018,3 meses,Mulher,
2018,4 meses,Mulher,
2018,5 meses,Mulher,
2018,6 meses,Mulher,
2018,7 meses,Mulher,
2018,8 meses,Mulher,
2018,9 meses,Mulher,
2018,10 meses,Mulher,
2018,11 meses,Mulher,
2018,1 a 14 anos,Mulher,2
2018,1 a 4 anos,Mulher,1
2018,1 ano,Mulher,
2018,2 anos,Mulher,
2018,3 anos,Mulher,
2018,4 anos,Mulher,1
2018,5 a 9 anos,Mulher,
2018,5 anos,Mulher,
2018,6 anos,Mulher,
2018,7 anos,Mulher,
2018,8 anos,Mulher,
2018,9 anos,Mulher,
2018,10 a 14 anos,Mulher,1
2018,10 anos,Mulher,
2018,11 anos,Mulher,
2018,12 anos,Mulher,
2018,13 anos,Mulher,
2018,14 anos,Mulher,1
2018,15 a 84 anos,Mulher,56
2018,15 a 19 anos,Mulher,1
2018,20 a 24 anos,Mulher,2
2018,25 a 29 anos,Mulher,2
2018,30 a 34 anos,Mulher,5
2018,35 a 39 anos,Mulher,1
2018,40 a 44 anos,Mulher,5
2018,45 a 49 anos,Mulher,
2018,50 a 54 anos,Mulher,4
2018,55 a 59 anos,Mulher,2
2018,60 a 64 anos,Mulher,11
2018,65 a 69 anos,Mulher,5
2018,70 a 74 anos,Mulher,7
2018,75 a 79 anos,Mulher,4
2018,80 a 84 anos,Mulher,7
2018,85 anos ou mais,Mulher,21
2018,85 a 89 anos,Mulher,9
2018,85 anos,Mulher,2
2018,86 anos,Mulher,4
2018,87 anos,Mulher,1
2018,88 anos,Mulher,
2018,89 anos,Mulher,2
2018,90 a 94 anos,Mulher,2
2018,90 anos,Mulher,1
2018,91 anos,Mulher,
2018,92 anos,Mulher,
2018,93 anos,Mulher,
2018,94 anos,Mulher,1
2018,95 a 99 anos,Mulher,5
2018,95 anos,Mulher,
2018,96 anos,Mulher,1
2018,97 anos,Mulher,1
2018,98 anos,Mulher,2
2018,99 anos,Mulher,1
2018,100 anos ou mais,Mulher,5
2018,Idade ignorada,Mulher,
2019,Menos de 1 ano,Homem,5
2019,Menos de 7 dias,Homem,4
2019,Menos de 1 dia,Homem,3
2019,1 dia,Homem,
2019,2 dias,Homem,
2019,3 dias,Homem,1
2019,4 dias,Homem,
2019,5 dias,Homem,
2019,6 dias,Homem,
2019,7 a 27 dias,Homem,
2019,7 a 13 dias,Homem,
2019,14 a 20 dias,Homem,
2019,21 a 27 dias,Homem,
2019,28 a 364 dias,Homem,1
2019,28 a 59 dias,Homem,
2019,60 a 364 dias,Homem,1
2019,2 meses,Homem,
2019,3 meses,Homem,
2019,4 meses,Homem,
2019,5 meses,Homem,
2019,6 meses,Homem,
2019,7 meses,Homem,1
2019,8 meses,Homem,
2019,9 meses,Homem,
2019,10 meses,Homem,
2019,11 meses,Homem,
2019,1 a 14 anos,Homem,
2019,1 a 4 anos,Homem,
2019,1 ano,Homem,
2019,2 anos,Homem,
2019,3 anos,Homem,
2019,4 anos,Homem,
2019,5 a 9 anos,Homem,
2019,5 anos,Homem,
2019,6 anos,Homem,
2019,7 anos,Homem,
2019,8 anos,Homem,
2019,9 anos,Homem,
2019,10 a 14 anos,Homem,
2019,10 anos,Homem,
2019,11 anos,Homem,
2019,12 anos,Homem,
2019,13 anos,Homem,
2019,14 anos,Homem,
2019,15 a 84 anos,Homem,95
2019,15 a 19 anos,Homem,3
2019,20 a 24 anos,Homem,10
2019,25 a 29 anos,Homem,3
2019,30 a 34 anos,Homem,5
2019,35 a 39 anos,Homem,5
2019,40 a 44 anos,Homem,5
2019,45 a 49 anos,Homem,4
2019,50 a 54 anos,Homem,11
2019,55 a 59 anos,Homem,7
2019,60 a 64 anos,Homem,4
2019,65 a 69 anos,Homem,9
2019,70 a 74 anos,Homem,10
2019,75 a 79 anos,Homem,10
2019,80 a 84 anos,Homem,9
2019,85 anos ou mais,Homem,14
2019,85 a 89 anos,Homem,5
2019,85 anos,Homem,1
2019,86 anos,Homem,
2019,87 anos,Homem,1
2019,88 anos,Homem,1
2019,89 anos,Homem,2
2019,90 a 94 anos,Homem,4
2019,90 anos,Homem,
2019,91 anos,Homem,1
2019,92 anos,Homem,
2019,93 anos,Homem,2
2019,94 anos,Homem,1
2019,95 a 99 anos,Homem,4
2019,95 anos,Homem,
2019,96 anos,Homem,1
2019,97 anos,Homem,
2019,98 anos,Homem,2
2019,99 anos,Homem,1
2019,100 anos ou mais,Homem,1
2019,Idade ignorada,Homem,1
2019,Menos de 1 ano,Mulher,
2019,Menos de 7 dias,Mulher,
2019,Menos de 1 dia,Mulher,
2019,1 dia,Mulher,
2019,2 dias,Mulher,
2019,3 dias,Mulher,
2019,4 dias,Mulher,
2019,5 dias,Mulher,
2019,6 dias,Mulher,
2019,7 a 27 dias,Mulher,
2019,7 a 13 dias,Mulher,
2019,14 a 20 dias,Mulher,
2019,21 a 27 dias,Mulher,
2019,28 a 364 dias,Mulher,
2019,28 a 59 dias,Mulher,
2019,60 a 364 dias,Mulher,
2019,2 meses,Mulher,
2019,3 meses,Mulher,
2019,4 meses,Mulher,
2019,5 meses,Mulher,
2019,6 meses,Mulher,
2019,7 meses,Mulher,
2019,8 meses,Mulher,
2019,9 meses,Mulher,
2019,10 meses,Mulher,
2019,11 meses,Mulher,
2019,1 a 14 anos,Mulher,1
2019,1 a 4 anos,Mulher,
2019,1 ano,Mulher,
2019,2 anos,Mulher,
2019,3 anos,Mulher,
2019,4 anos,Mulher,
2019,5 a 9 anos,Mulher,
2019,5 anos,Mulher,
2019,6 anos,Mulher,
2019,7 anos,Mulher,
2019,8 anos,Mulher,
2019,9 anos,Mulher,
2019,10 a 14 anos,Mulher,1
2019,10 anos,Mulher,
2019,11 anos,Mulher,1
2019,12 anos,Mulher,
2019,13 anos,Mulher,
2019,14 anos,Mulher,
2019,15 a 84 anos,Mulher,66
2019,15 a 19 anos,Mulher,
2019,20 a 24 anos,Mulher,1
2019,25 a 29 anos,Mulher,5
2019,30 a 34 anos,Mulher,
2019,35 a 39 anos,Mulher,2
2019,40 a 44 anos,Mulher,2
2019,45 a 49 anos,Mulher,3
2019,50 a 54 anos,Mulher,5
2019,55 a 59 anos,Mulher,3
2019,60 a 64 anos,Mulher,4
2019,65 a 69 anos,Mulher,10
2019,70 a 74 anos,Mulher,9
2019,75 a 79 anos,Mulher,8
2019,80 a 84 anos,Mulher,14
2019,85 anos ou mais,Mulher,24
2019,85 a 89 anos,Mulher,12
2019,85 anos,Mulher,
2019,86 anos,Mulher,7
2019,87 anos,Mulher,1
2019,88 anos,Mulher,1
2019,89 anos,Mulher,3
2019,90 a 94 anos,Mulher,5
2019,90 anos,Mulher,1
2019,91 anos,Mulher,
2019,92 anos,Mulher,2
2019,93 anos,Mulher,
2019,94 anos,Mulher,2
2019,95 a 99 anos,Mulher,2
2019,95 anos,Mulher,1
2019,96 anos,Mulher,
2019,97 anos,Mulher,
2019,98 anos,Mulher,1
2019,99 anos,Mulher,
2019,100 anos ou mais,Mulher,5
2019,Idade ignorada,Mulher,