ano,idade,sexo,area,pop
1970,0 a 4 anos,Homem,Urbana,384
1970,Menos de 1 ano,Homem,Urbana,
1970,0 ano,Homem,Urbana,82
1970,1 ano,Homem,Urbana,61
1970,2 anos,Homem,Urbana,96
1970,3 anos,Homem,Urbana,57
1970,4 anos,Homem,Urbana,88
1970,5 a 9 anos,Homem,Urbana,357
1970,5 anos,Homem,Urbana,56
1970,6 anos,Homem,Urbana,70
1970,7 anos,Homem,Urbana,87
1970,8 anos,Homem,Urbana,65
1970,9 anos,Homem,Urbana,79
1970,10 a 14 anos,Homem,Urbana,255
1970,10 anos,Homem,Urbana,53
1970,11 anos,Homem,Urbana,60
1970,12 anos,Homem,Urbana,53
1970,13 anos,Homem,Urbana,49
1970,14 anos,Homem,Urbana,40
1970,15 a 19 anos,Homem,Urbana,286
1970,15 anos,Homem,Urbana,74
1970,16 anos,Homem,Urbana,38
1970,17 anos,Homem,Urbana,64
1970,18 anos,Homem,Urbana,64
1970,19 anos,Homem,Urbana,46
1970,20 a 24 anos,Homem,Urbana,190
1970,20 anos,Homem,Urbana,
1970,21 anos,Homem,Urbana,
1970,22 anos,Homem,Urbana,
1970,23 anos,Homem,Urbana,
1970,24 anos,Homem,Urbana,
1970,25 a 29 anos,Homem,Urbana,102
1970,30 a 34 anos,Homem,Urbana,106
1970,35 a 39 anos,Homem,Urbana,101
1970,40 a 44 anos,Homem,Urbana,107
1970,45 a 49 anos,Homem,Urbana,82
1970,50 a 54 anos,Homem,Urbana,62
1970,55 a 59 anos,Homem,Urbana,72
1970,60 a 64 anos,Homem,Urbana,35
1970,65 a 69 anos,Homem,Urbana,43
1970,70 a 74 anos,Homem,Urbana,29
1970,75 a 79 anos,Homem,Urbana,12
1970,80 anos ou mais,Homem,Urbana,21
1970,80 a 84 anos,Homem,Urbana,
1970,85 a 89 anos,Homem,Urbana,
1970,90 a 94 anos,Homem,Urbana,
1970,95 a 99 anos,Homem,Urbana,
1970,100 anos ou mais,Homem,Urbana,
1970,Idade ignorada,Homem,Urbana,
1970,0 a 4 anos,Homem,Rural,1160
1970,Menos de 1 ano,Homem,Rural,
1970,0 ano,Homem,Rural,194
1970,1 ano,Homem,Rural,200
1970,2 anos,Homem,Rural,248
1970,3 anos,Homem,Rural,297
1970,4 anos,Homem,Rural,221
1970,5 a 9 anos,Homem,Rural,1047
1970,5 anos,Homem,Rural,217
1970,6 anos,Homem,Rural,172
1970,7 anos,Homem,Rural,236
1970,8 anos,Homem,Rural,224
1970,9 anos,Homem,Rural,198
1970,10 a 14 anos,Homem,Rural,982
1970,10 anos,Homem,Rural,191
1970,11 anos,Homem,Rural,199
1970,12 anos,Homem,Rural,229
1970,13 anos,Homem,Rural,198
1970,14 anos,Homem,Rural,165
1970,15 a 19 anos,Homem,Rural,765
1970,15 anos,Homem,Rural,176
1970,16 anos,Homem,Rural,130
1970,17 anos,Homem,Rural,136
1970,18 anos,Homem,Rural,189
1970,19 anos,Homem,Rural,134
1970,20 a 24 anos,Homem,Rural,572
1970,20 anos,Homem,Rural,
1970,21 anos,Homem,Rural,
1970,22 anos,Homem,Rural,
1970,23 anos,Homem,Rural,
1970,24 anos,Homem,Rural,
1970,25 a 29 anos,Homem,Rural,414
1970,30 a 34 anos,Homem,Rural,370
1970,35 a 39 anos,Homem,Rural,287
1970,40 a 44 anos,Homem,Rural,282
1970,45 a 49 anos,Homem,Rural,282
1970,50 a 54 anos,Homem,Rural,237
1970,55 a 59 anos,Homem,Rural,214
1970,60 a 64 anos,Homem,Rural,230
1970,65 a 69 anos,Homem,Rural,157
1970,70 a 74 anos,Homem,Rural,78
1970,75 a 79 anos,Homem,Rural,48
1970,80 anos ou mais,Homem,Rural,66
1970,80 a 84 anos,Homem,Rural,
1970,85 a 89 anos,Homem,Rural,
1970,90 a 94 anos,Homem,Rural,
1970,95 a 99 anos,Homem,Rural,
1970,100 anos ou mais,Homem,Rural,
1970,Idade ignorada,Homem,Rural,8
1970,0 a 4 anos,Mulher,Urbana,393
1970,Menos de 1 ano,Mulher,Urbana,
1970,0 ano,Mulher,Urbana,59
1970,1 ano,Mulher,Urbana,80
1970,2 anos,Mulher,Urbana,90
1970,3 anos,Mulher,Urbana,79
1970,4 anos,Mulher,Urbana,85
1970,5 a 9 anos,Mulher,Urbana,389
1970,5 anos,Mulher,Urbana,84
1970,6 anos,Mulher,Urbana,77
1970,7 anos,Mulher,Urbana,102
1970,8 anos,Mulher,Urbana,48
1970,9 anos,Mulher,Urbana,78
1970,10 a 14 anos,Mulher,Urbana,354
1970,10 anos,Mulher,Urbana,93
1970,11 anos,Mulher,Urbana,61
1970,12 anos,Mulher,Urbana,64
1970,13 anos,Mulher,Urbana,53
1970,14 anos,Mulher,Urbana,83
1970,15 a 19 anos,Mulher,Urbana,256
1970,15 anos,Mulher,Urbana,41
1970,16 anos,Mulher,Urbana,69
1970,17 anos,Mulher,Urbana,42
1970,18 anos,Mulher,Urbana,57
1970,19 anos,Mulher,Urbana,47
1970,20 a 24 anos,Mulher,Urbana,221
1970,20 anos,Mulher,Urbana,
1970,21 anos,Mulher,Urbana,
1970,22 anos,Mulher,Urbana,
1970,23 anos,Mulher,Urbana,
1970,24 anos,Mulher,Urbana,
1970,25 a 29 anos,Mulher,Urbana,153
1970,30 a 34 anos,Mulher,Urbana,181
1970,35 a 39 anos,Mulher,Urbana,90
1970,40 a 44 anos,Mulher,Urbana,63
1970,45 a 49 anos,Mulher,Urbana,97
1970,50 a 54 anos,Mulher,Urbana,98
1970,55 a 59 anos,Mulher,Urbana,72
1970,60 a 64 anos,Mulher,Urbana,23
1970,65 a 69 anos,Mulher,Urbana,37
1970,70 a 74 anos,Mulher,Urbana,30
1970,75 a 79 anos,Mulher,Urbana,22
1970,80 anos ou mais,Mulher,Urbana,25
1970,80 a 84 anos,Mulher,Urbana,
1970,85 a 89 anos,Mulher,Urbana,
1970,90 a 94 anos,Mulher,Urbana,
1970,95 a 99 anos,Mulher,Urbana,
1970,100 anos ou mais,Mulher,Urbana,
1970,Idade ignorada,Mulher,Urbana,
1970,0 a 4 anos,Mulher,Rural,1116
1970,Menos de 1 ano,Mulher,Rural,
1970,0 ano,Mulher,Rural,239
1970,1 ano,Mulher,Rural,164
1970,2 anos,Mulher,Rural,253
1970,3 anos,Mulher,Rural,240
1970,4 anos,Mulher,Rural,220
1970,5 a 9 anos,Mulher,Rural,1121
1970,5 anos,Mulher,Rural,247
1970,6 anos,Mulher,Rural,238
1970,7 anos,Mulher,Rural,235
1970,8 anos,Mulher,Rural,218
1970,9 anos,Mulher,Rural,183
1970,10 a 14 anos,Mulher,Rural,951
1970,10 anos,Mulher,Rural,260
1970,11 anos,Mulher,Rural,188
1970,12 anos,Mulher,Rural,166
1970,13 anos,Mulher,Rural,148
1970,14 anos,Mulher,Rural,189
1970,15 a 19 anos,Mulher,Rural,645
1970,15 anos,Mulher,Rural,121
1970,16 anos,Mulher,Rural,149
1970,17 anos,Mulher,Rural,112
1970,18 anos,Mulher,Rural,156
1970,19 anos,Mulher,Rural,107
1970,20 a 24 anos,Mulher,Rural,626
1970,20 anos,Mulher,Rural,
1970,21 anos,Mulher,Rural,
1970,22 anos,Mulher,Rural,
1970,23 anos,Mulher,Rural,
1970,24 anos,Mulher,Rural,
1970,25 a 29 anos,Mulher,Rural,507
1970,30 a 34 anos,Mulher,Rural,346
1970,35 a 39 anos,Mulher,Rural,378
1970,40 a 44 anos,Mulher,Rural,363
1970,45 a 49 anos,Mulher,Rural,245
1970,50 a 54 anos,Mulher,Rural,261
1970,55 a 59 anos,Mulher,Rural,182
1970,60 a 64 anos,Mulher,Rural,176
1970,65 a 69 anos,Mulher,Rural,93
1970,70 a 74 anos,Mulher,Rural,85
1970,75 a 79 anos,Mulher,Rural,55
1970,80 anos ou mais,Mulher,Rural,88
1970,80 a 84 anos,Mulher,Rural,
1970,85 a 89 anos,Mulher,Rural,
1970,90 a 94 anos,Mulher,Rural,
1970,95 a 99 anos,Mulher,Rural,
1970,100 anos ou mais,Mulher,Rural,
1970,Idade ignorada,Mulher,Rural,3
1980,0 a 4 anos,Homem,Urbana,936
1980,Menos de 1 ano,Homem,Urbana,
1980,0 ano,Homem,Urbana,225
1980,1 ano,Homem,Urbana,204
1980,2 anos,Homem,Urbana,207
1980,3 anos,Homem,Urbana,140
1980,4 anos,Homem,Urbana,160
1980,5 a 9 anos,Homem,Urbana,736
1980,5 anos,Homem,Urbana,164
1980,6 anos,Homem,Urbana,164
1980,7 anos,Homem,Urbana,158
1980,8 anos,Homem,Urbana,119
1980,9 anos,Homem,Urbana,131
1980,10 a 14 anos,Homem,Urbana,656
1980,10 anos,Homem,Urbana,132
1980,11 anos,Homem,Urbana,138
1980,12 anos,Homem,Urbana,132
1980,13 anos,Homem,Urbana,124
1980,14 anos,Homem,Urbana,130
1980,15 a 19 anos,Homem,Urbana,494
1980,15 anos,Homem,Urbana,98
1980,16 anos,Homem,Urbana,113
1980,17 anos,Homem,Urbana,105
1980,18 anos,Homem,Urbana,89
1980,19 anos,Homem,Urbana,89
1980,20 a 24 anos,Homem,Urbana,331
1980,20 anos,Homem,Urbana,
1980,21 anos,Homem,Urbana,
1980,22 anos,Homem,Urbana,
1980,23 anos,Homem,Urbana,
1980,24 anos,Homem,Urbana,
1980,25 a 29 anos,Homem,Urbana,286
1980,30 a 34 anos,Homem,Urbana,262
1980,35 a 39 anos,Homem,Urbana,227
1980,40 a 44 anos,Homem,Urbana,197
1980,45 a 49 anos,Homem,Urbana,162
1980,50 a 54 anos,Homem,Urbana,115
1980,55 a 59 anos,Homem,Urbana,116
1980,60 a 64 anos,Homem,Urbana,62
1980,65 a 69 anos,Homem,Urbana,91
1980,70 a 74 anos,Homem,Urbana,57
1980,75 a 79 anos,Homem,Urbana,48
1980,80 anos ou mais,Homem,Urbana,24
1980,80 a 84 anos,Homem,Urbana,
1980,85 a 89 anos,Homem,Urbana,
1980,90 a 94 anos,Homem,Urbana,
1980,95 a 99 anos,Homem,Urbana,
1980,100 anos ou mais,Homem,Urbana,
1980,Idade ignorada,Homem,Urbana,9
1980,0 a 4 anos,Homem,Rural,1182
1980,Menos de 1 ano,Homem,Rural,
1980,0 ano,Homem,Rural,256
1980,1 ano,Homem,Rural,243
1980,2 anos,Homem,Rural,257
1980,3 anos,Homem,Rural,223
1980,4 anos,Homem,Rural,203
1980,5 a 9 anos,Homem,Rural,958
1980,5 anos,Homem,Rural,233
1980,6 anos,Homem,Rural,174
1980,7 anos,Homem,Rural,218
1980,8 anos,Homem,Rural,175
1980,9 anos,Homem,Rural,158
1980,10 a 14 anos,Homem,Rural,805
1980,10 anos,Homem,Rural,189
1980,11 anos,Homem,Rural,178
1980,12 anos,Homem,Rural,176
1980,13 anos,Homem,Rural,140
1980,14 anos,Homem,Rural,122
1980,15 a 19 anos,Homem,Rural,685
1980,15 anos,Homem,Rural,116
1980,16 anos,Homem,Rural,169
1980,17 anos,Homem,Rural,159
1980,18 anos,Homem,Rural,138
1980,19 anos,Homem,Rural,103
1980,20 a 24 anos,Homem,Rural,457
1980,20 anos,Homem,Rural,
1980,21 anos,Homem,Rural,
1980,22 anos,Homem,Rural,
1980,23 anos,Homem,Rural,
1980,24 anos,Homem,Rural,
1980,25 a 29 anos,Homem,Rural,379
1980,30 a 34 anos,Homem,Rural,292
1980,35 a 39 anos,Homem,Rural,279
1980,40 a 44 anos,Homem,Rural,248
1980,45 a 49 anos,Homem,Rural,205
1980,50 a 54 anos,Homem,Rural,189
1980,55 a 59 anos,Homem,Rural,134
1980,60 a 64 anos,Homem,Rural,151
1980,65 a 69 anos,Homem,Rural,197
1980,70 a 74 anos,Homem,Rural,113
1980,75 a 79 anos,Homem,Rural,72
1980,80 anos ou mais,Homem,Rural,75
1980,80 a 84 anos,Homem,Rural,
1980,85 a 89 anos,Homem,Rural,
1980,90 a 94 anos,Homem,Rural,
1980,95 a 99 anos,Homem,Rural,
1980,100 anos ou mais,Homem,Rural,
1980,Idade ignorada,Homem,Rural,18
1980,0 a 4 anos,Mulher,Urbana,877
1980,Menos de 1 ano,Mulher,Urbana,
1980,0 ano,Mulher,Urbana,173
1980,1 ano,Mulher,Urbana,161
1980,2 anos,Mulher,Urbana,210
1980,3 anos,Mulher,Urbana,147
1980,4 anos,Mulher,Urbana,186
1980,5 a 9 anos,Mulher,Urbana,730
1980,5 anos,Mulher,Urbana,146
1980,6 anos,Mulher,Urbana,134
1980,7 anos,Mulher,Urbana,154
1980,8 anos,Mulher,Urbana,134
1980,9 anos,Mulher,Urbana,162
1980,10 a 14 anos,Mulher,Urbana,693
1980,10 anos,Mulher,Urbana,158
1980,11 anos,Mulher,Urbana,138
1980,12 anos,Mulher,Urbana,132
1980,13 anos,Mulher,Urbana,133
1980,14 anos,Mulher,Urbana,132
1980,15 a 19 anos,Mulher,Urbana,528
1980,15 anos,Mulher,Urbana,101
1980,16 anos,Mulher,Urbana,151
1980,17 anos,Mulher,Urbana,121
1980,18 anos,Mulher,Urbana,69
1980,19 anos,Mulher,Urbana,86
1980,20 a 24 anos,Mulher,Urbana,362
1980,20 anos,Mulher,Urbana,
1980,21 anos,Mulher,Urbana,
1980,22 anos,Mulher,Urbana,
1980,23 anos,Mulher,Urbana,
1980,24 anos,Mulher,Urbana,
1980,25 a 29 anos,Mulher,Urbana,309
1980,30 a 34 anos,Mulher,Urbana,274
1980,35 a 39 anos,Mulher,Urbana,268
1980,40 a 44 anos,Mulher,Urbana,202
1980,45 a 49 anos,Mulher,Urbana,140
1980,50 a 54 anos,Mulher,Urbana,159
1980,55 a 59 anos,Mulher,Urbana,80
1980,60 a 64 anos,Mulher,Urbana,91
1980,65 a 69 anos,Mulher,Urbana,102
1980,70 a 74 anos,Mulher,Urbana,54
1980,75 a 79 anos,Mulher,Urbana,32
1980,80 anos ou mais,Mulher,Urbana,31
1980,80 a 84 anos,Mulher,Urbana,
1980,85 a 89 anos,Mulher,Urbana,
1980,90 a 94 anos,Mulher,Urbana,
1980,95 a 99 anos,Mulher,Urbana,
1980,100 anos ou mais,Mulher,Urbana,
1980,Idade ignorada,Mulher,Urbana,20
1980,0 a 4 anos,Mulher,Rural,1181
1980,Menos de 1 ano,Mulher,Rural,
1980,0 ano,Mulher,Rural,259
1980,1 ano,Mulher,Rural,189
1980,2 anos,Mulher,Rural,231
1980,3 anos,Mulher,Rural,235
1980,4 anos,Mulher,Rural,267
1980,5 a 9 anos,Mulher,Rural,993
1980,5 anos,Mulher,Rural,187
1980,6 anos,Mulher,Rural,184
1980,7 anos,Mulher,Rural,234
1980,8 anos,Mulher,Rural,194
1980,9 anos,Mulher,Rural,194
1980,10 a 14 anos,Mulher,Rural,804
1980,10 anos,Mulher,Rural,159
1980,11 anos,Mulher,Rural,186
1980,12 anos,Mulher,Rural,165
1980,13 anos,Mulher,Rural,159
1980,14 anos,Mulher,Rural,135
1980,15 a 19 anos,Mulher,Rural,584
1980,15 anos,Mulher,Rural,143
1980,16 anos,Mulher,Rural,140
1980,17 anos,Mulher,Rural,141
1980,18 anos,Mulher,Rural,85
1980,19 anos,Mulher,Rural,75
1980,20 a 24 anos,Mulher,Rural,442
1980,20 anos,Mulher,Rural,
1980,21 anos,Mulher,Rural,
1980,22 anos,Mulher,Rural,
1980,23 anos,Mulher,Rural,
1980,24 anos,Mulher,Rural,
1980,25 a 29 anos,Mulher,Rural,352
1980,30 a 34 anos,Mulher,Rural,302
1980,35 a 39 anos,Mulher,Rural,280
1980,40 a 44 anos,Mulher,Rural,243
1980,45 a 49 anos,Mulher,Rural,239
1980,50 a 54 anos,Mulher,Rural,150
1980,55 a 59 anos,Mulher,Rural,202
1980,60 a 64 anos,Mulher,Rural,153
1980,65 a 69 anos,Mulher,Rural,187
1980,70 a 74 anos,Mulher,Rural,96
1980,75 a 79 anos,Mulher,Rural,60
1980,80 anos ou mais,Mulher,Rural,70
1980,80 a 84 anos,Mulher,Rural,
1980,85 a 89 anos,Mulher,Rural,
1980,90 a 94 anos,Mulher,Rural,
1980,95 a 99 anos,Mulher,Rural,
1980,100 anos ou mais,Mulher,Rural,
1980,Idade ignorada,Mulher,Rural,7
1990,0 a 4 anos,Homem,Urbana,1074
1990,Menos de 1 ano,Homem,Urbana,
1990,0 ano,Homem,Urbana,221
1990,1 ano,Homem,Urbana,180
1990,2 anos,Homem,Urbana,222
1990,3 anos,Homem,Urbana,207
1990,4 anos,Homem,Urbana,244
1990,5 a 9 anos,Homem,Urbana,1260
1990,5 anos,Homem,Urbana,239
1990,6 anos,Homem,Urbana,252
1990,7 anos,Homem,Urbana,262
1990,8 anos,Homem,Urbana,253
1990,9 anos,Homem,Urbana,254
1990,10 a 14 anos,Homem,Urbana,1192
1990,10 anos,Homem,Urbana,269
1990,11 anos,Homem,Urbana,234
1990,12 anos,Homem,Urbana,227
1990,13 anos,Homem,Urbana,254
1990,14 anos,Homem,Urbana,208
1990,15 a 19 anos,Homem,Urbana,1017
1990,15 anos,Homem,Urbana,218
1990,16 anos,Homem,Urbana,230
1990,17 anos,Homem,Urbana,195
1990,18 anos,Homem,Urbana,199
1990,19 anos,Homem,Urbana,175
1990,20 a 24 anos,Homem,Urbana,756
1990,20 anos,Homem,Urbana,
1990,21 anos,Homem,Urbana,
1990,22 anos,Homem,Urbana,
1990,23 anos,Homem,Urbana,
1990,24 anos,Homem,Urbana,
1990,25 a 29 anos,Homem,Urbana,562
1990,30 a 34 anos,Homem,Urbana,473
1990,35 a 39 anos,Homem,Urbana,414
1990,40 a 44 anos,Homem,Urbana,356
1990,45 a 49 anos,Homem,Urbana,233
1990,50 a 54 anos,Homem,Urbana,212
1990,55 a 59 anos,Homem,Urbana,161
1990,60 a 64 anos,Homem,Urbana,130
1990,65 a 69 anos,Homem,Urbana,132
1990,70 a 74 anos,Homem,Urbana,73
1990,75 a 79 anos,Homem,Urbana,70
1990,80 anos ou mais,Homem,Urbana,77
1990,80 a 84 anos,Homem,Urbana,
1990,85 a 89 anos,Homem,Urbana,
1990,90 a 94 anos,Homem,Urbana,
1990,95 a 99 anos,Homem,Urbana,
1990,100 anos ou mais,Homem,Urbana,
1990,Idade ignorada,Homem,Urbana,
1990,0 a 4 anos,Homem,Rural,759
1990,Menos de 1 ano,Homem,Rural,
1990,0 ano,Homem,Rural,140
1990,1 ano,Homem,Rural,158
1990,2 anos,Homem,Rural,155
1990,3 anos,Homem,Rural,148
1990,4 anos,Homem,Rural,158
1990,5 a 9 anos,Homem,Rural,860
1990,5 anos,Homem,Rural,157
1990,6 anos,Homem,Rural,173
1990,7 anos,Homem,Rural,165
1990,8 anos,Homem,Rural,205
1990,9 anos,Homem,Rural,160
1990,10 a 14 anos,Homem,Rural,829
1990,10 anos,Homem,Rural,190
1990,11 anos,Homem,Rural,165
1990,12 anos,Homem,Rural,162
1990,13 anos,Homem,Rural,163
1990,14 anos,Homem,Rural,149
1990,15 a 19 anos,Homem,Rural,610
1990,15 anos,Homem,Rural,153
1990,16 anos,Homem,Rural,123
1990,17 anos,Homem,Rural,108
1990,18 anos,Homem,Rural,112
1990,19 anos,Homem,Rural,114
1990,20 a 24 anos,Homem,Rural,437
1990,20 anos,Homem,Rural,
1990,21 anos,Homem,Rural,
1990,22 anos,Homem,Rural,
1990,23 anos,Homem,Rural,
1990,24 anos,Homem,Rural,
1990,25 a 29 anos,Homem,Rural,308
1990,30 a 34 anos,Homem,Rural,326
1990,35 a 39 anos,Homem,Rural,205
1990,40 a 44 anos,Homem,Rural,217
1990,45 a 49 anos,Homem,Rural,192
1990,50 a 54 anos,Homem,Rural,150
1990,55 a 59 anos,Homem,Rural,139
1990,60 a 64 anos,Homem,Rural,91
1990,65 a 69 anos,Homem,Rural,129
1990,70 a 74 anos,Homem,Rural,90
1990,75 a 79 anos,Homem,Rural,84
1990,80 anos ou mais,Homem,Rural,76
1990,80 a 84 anos,Homem,Rural,
1990,85 a 89 anos,Homem,Rural,
1990,90 a 94 anos,Homem,Rural,
1990,95 a 99 anos,Homem,Rural,
1990,100 anos ou mais,Homem,Rural,
1990,Idade ignorada,Homem,Rural,
1990,0 a 4 anos,Mulher,Urbana,1064
1990,Menos de 1 ano,Mulher,Urbana,
1990,0 ano,Mulher,Urbana,198
1990,1 ano,Mulher,Urbana,193
1990,2 anos,Mulher,Urbana,192
1990,3 anos,Mulher,Urbana,229
1990,4 anos,Mulher,Urbana,252
1990,5 a 9 anos,Mulher,Urbana,1218
1990,5 anos,Mulher,Urbana,235
1990,6 anos,Mulher,Urbana,243
1990,7 anos,Mulher,Urbana,254
1990,8 anos,Mulher,Urbana,267
1990,9 anos,Mulher,Urbana,219
1990,10 a 14 anos,Mulher,Urbana,1249
1990,10 anos,Mulher,Urbana,245
1990,11 anos,Mulher,Urbana,252
1990,12 anos,Mulher,Urbana,292
1990,13 anos,Mulher,Urbana,240
1990,14 anos,Mulher,Urbana,220
1990,15 a 19 anos,Mulher,Urbana,1013
1990,15 anos,Mulher,Urbana,220
1990,16 anos,Mulher,Urbana,224
1990,17 anos,Mulher,Urbana,210
1990,18 anos,Mulher,Urbana,187
1990,19 anos,Mulher,Urbana,172
1990,20 a 24 anos,Mulher,Urbana,903
1990,20 anos,Mulher,Urbana,
1990,21 anos,Mulher,Urbana,
1990,22 anos,Mulher,Urbana,
1990,23 anos,Mulher,Urbana,
1990,24 anos,Mulher,Urbana,
1990,25 a 29 anos,Mulher,Urbana,672
1990,30 a 34 anos,Mulher,Urbana,504
1990,35 a 39 anos,Mulher,Urbana,445
1990,40 a 44 anos,Mulher,Urbana,374
1990,45 a 49 anos,Mulher,Urbana,296
1990,50 a 54 anos,Mulher,Urbana,215
1990,55 a 59 anos,Mulher,Urbana,201
1990,60 a 64 anos,Mulher,Urbana,133
1990,65 a 69 anos,Mulher,Urbana,130
1990,70 a 74 anos,Mulher,Urbana,94
1990,75 a 79 anos,Mulher,Urbana,106
1990,80 anos ou mais,Mulher,Urbana,88
1990,80 a 84 anos,Mulher,Urbana,
1990,85 a 89 anos,Mulher,Urbana,
1990,90 a 94 anos,Mulher,Urbana,
1990,95 a 99 anos,Mulher,Urbana,
1990,100 anos ou mais,Mulher,Urbana,
1990,Idade ignorada,Mulher,Urbana,
1990,0 a 4 anos,Mulher,Rural,793
1990,Menos de 1 ano,Mulher,Rural,
1990,0 ano,Mulher,Rural,145
1990,1 ano,Mulher,Rural,136
1990,2 anos,Mulher,Rural,142
1990,3 anos,Mulher,Rural,174
1990,4 anos,Mulher,Rural,196
1990,5 a 9 anos,Mulher,Rural,833
1990,5 anos,Mulher,Rural,173
1990,6 anos,Mulher,Rural,148
1990,7 anos,Mulher,Rural,157
1990,8 anos,Mulher,Rural,158
1990,9 anos,Mulher,Rural,197
1990,10 a 14 anos,Mulher,Rural,711
1990,10 anos,Mulher,Rural,153
1990,11 anos,Mulher,Rural,148
1990,12 anos,Mulher,Rural,141
1990,13 anos,Mulher,Rural,144
1990,14 anos,Mulher,Rural,125
1990,15 a 19 anos,Mulher,Rural,573
1990,15 anos,Mulher,Rural,140
1990,16 anos,Mulher,Rural,130
1990,17 anos,Mulher,Rural,120
1990,18 anos,Mulher,Rural,97
1990,19 anos,Mulher,Rural,86
1990,20 a 24 anos,Mulher,Rural,411
1990,20 anos,Mulher,Rural,
1990,21 anos,Mulher,Rural,
1990,22 anos,Mulher,Rural,
1990,23 anos,Mulher,Rural,
1990,24 anos,Mulher,Rural,
1990,25 a 29 anos,Mulher,Rural,303
1990,30 a 34 anos,Mulher,Rural,265
1990,35 a 39 anos,Mulher,Rural,228
1990,40 a 44 anos,Mulher,Rural,236
1990,45 a 49 anos,Mulher,Rural,191
1990,50 a 54 anos,Mulher,Rural,170
1990,55 a 59 anos,Mulher,Rural,137
1990,60 a 64 anos,Mulher,Rural,116
1990,65 a 69 anos,Mulher,Rural,118
1990,70 a 74 anos,Mulher,Rural,75
1990,75 a 79 anos,Mulher,Rural,77
1990,80 anos ou mais,Mulher,Rural,82
1990,80 a 84 anos,Mulher,Rural,
1990,85 a 89 anos,Mulher,Rural,
1990,90 a 94 anos,Mulher,Rural,
1990,95 a 99 anos,Mulher,Rural,
1990,100 anos ou mais,Mulher,Rural,
1990,Idade ignorada,Mulher,Rural,
2000,0 a 4 anos,Homem,Urbana,1301
2000,Menos de 1 ano,Homem,Urbana,220
2000,0 ano,Homem,Urbana,
2000,1 ano,Homem,Urbana,243
2000,2 anos,Homem,Urbana,255
2000,3 anos,Homem,Urbana,253
2000,4 anos,Homem,Urbana,330
2000,5 a 9 anos,Homem,Urbana,1348
2000,5 anos,Homem,Urbana,277
2000,6 anos,Homem,Urbana,234
2000,7 anos,Homem,Urbana,254
2000,8 anos,Homem,Urbana,289
2000,9 anos,Homem,Urbana,295
2000,10 a 14 anos,Homem,Urbana,1365
2000,10 anos,Homem,Urbana,217
2000,11 anos,Homem,Urbana,291
2000,12 anos,Homem,Urbana,292
2000,13 anos,Homem,Urbana,307
2000,14 anos,Homem,Urbana,258
2000,15 a 19 anos,Homem,Urbana,1582
2000,15 anos,Homem,Urbana,338
2000,16 anos,Homem,Urbana,322
2000,17 anos,Homem,Urbana,341
2000,18 anos,Homem,Urbana,254
2000,19 anos,Homem,Urbana,327
2000,20 a 24 anos,Homem,Urbana,1108
2000,20 anos,Homem,Urbana,248
2000,21 anos,Homem,Urbana,182
2000,22 anos,Homem,Urbana,185
2000,23 anos,Homem,Urbana,238
2000,24 anos,Homem,Urbana,255
2000,25 a 29 anos,Homem,Urbana,908
2000,30 a 34 anos,Homem,Urbana,750
2000,35 a 39 anos,Homem,Urbana,613
2000,40 a 44 anos,Homem,Urbana,536
2000,45 a 49 anos,Homem,Urbana,419
2000,50 a 54 anos,Homem,Urbana,313
2000,55 a 59 anos,Homem,Urbana,220
2000,60 a 64 anos,Homem,Urbana,278
2000,65 a 69 anos,Homem,Urbana,145
2000,70 a 74 anos,Homem,Urbana,149
2000,75 a 79 anos,Homem,Urbana,107
2000,80 anos ou mais,Homem,Urbana,
2000,80 a 84 anos,Homem,Urbana,60
2000,85 a 89 anos,Homem,Urbana,21
2000,90 a 94 anos,Homem,Urbana,
2000,95 a 99 anos,Homem,Urbana,
2000,100 anos ou mais,Homem,Urbana,
2000,Idade ignorada,Homem,Urbana,
2000,0 a 4 anos,Homem,Rural,1014
2000,Menos de 1 ano,Homem,Rural,222
2000,0 ano,Homem,Rural,
2000,1 ano,Homem,Rural,173
2000,2 anos,Homem,Rural,211
2000,3 anos,Homem,Rural,215
2000,4 anos,Homem,Rural,193
2000,5 a 9 anos,Homem,Rural,993
2000,5 anos,Homem,Rural,212
2000,6 anos,Homem,Rural,161
2000,7 anos,Homem,Rural,253
2000,8 anos,Homem,Rural,207
2000,9 anos,Homem,Rural,159
2000,10 a 14 anos,Homem,Rural,887
2000,10 anos,Homem,Rural,146
2000,11 anos,Homem,Rural,226
2000,12 anos,Homem,Rural,178
2000,13 anos,Homem,Rural,156
2000,14 anos,Homem,Rural,181
2000,15 a 19 anos,Homem,Rural,871
2000,15 anos,Homem,Rural,263
2000,16 anos,Homem,Rural,146
2000,17 anos,Homem,Rural,193
2000,18 anos,Homem,Rural,128
2000,19 anos,Homem,Rural,142
2000,20 a 24 anos,Homem,Rural,788
2000,20 anos,Homem,Rural,209
2000,21 anos,Homem,Rural,178
2000,22 anos,Homem,Rural,133
2000,23 anos,Homem,Rural,122
2000,24 anos,Homem,Rural,146
2000,25 a 29 anos,Homem,Rural,464
2000,30 a 34 anos,Homem,Rural,420
2000,35 a 39 anos,Homem,Rural,466
2000,40 a 44 anos,Homem,Rural,323
2000,45 a 49 anos,Homem,Rural,304
2000,50 a 54 anos,Homem,Rural,296
2000,55 a 59 anos,Homem,Rural,166
2000,60 a 64 anos,Homem,Rural,204
2000,65 a 69 anos,Homem,Rural,58
2000,70 a 74 anos,Homem,Rural,77
2000,75 a 79 anos,Homem,Rural,61
2000,80 anos ou mais,Homem,Rural,
2000,80 a 84 anos,Homem,Rural,20
2000,85 a 89 anos,Homem,Rural,40
2000,90 a 94 anos,Homem,Rural,8
2000,95 a 99 anos,Homem,Rural,
2000,100 anos ou mais,Homem,Rural,
2000,Idade ignorada,Homem,Rural,
2000,0 a 4 anos,Mulher,Urbana,1293
2000,Menos de 1 ano,Mulher,Urbana,261
2000,0 ano,Mulher,Urbana,
2000,1 ano,Mulher,Urbana,218
2000,2 anos,Mulher,Urbana,194
2000,3 anos,Mulher,Urbana,327
2000,4 anos,Mulher,Urbana,292
2000,5 a 9 anos,Mulher,Urbana,1215
2000,5 anos,Mulher,Urbana,238
2000,6 anos,Mulher,Urbana,239
2000,7 anos,Mulher,Urbana,289
2000,8 anos,Mulher,Urbana,296
2000,9 anos,Mulher,Urbana,154
2000,10 a 14 anos,Mulher,Urbana,1402
2000,10 anos,Mulher,Urbana,288
2000,11 anos,Mulher,Urbana,293
2000,12 anos,Mulher,Urbana,269
2000,13 anos,Mulher,Urbana,301
2000,14 anos,Mulher,Urbana,252
2000,15 a 19 anos,Mulher,Urbana,1482
2000,15 anos,Mulher,Urbana,307
2000,16 anos,Mulher,Urbana,251
2000,17 anos,Mulher,Urbana,327
2000,18 anos,Mulher,Urbana,322
2000,19 anos,Mulher,Urbana,275
2000,20 a 24 anos,Mulher,Urbana,1291
2000,20 anos,Mulher,Urbana,222
2000,21 anos,Mulher,Urbana,233
2000,22 anos,Mulher,Urbana,216
2000,23 anos,Mulher,Urbana,288
2000,24 anos,Mulher,Urbana,332
2000,25 a 29 anos,Mulher,Urbana,880
2000,30 a 34 anos,Mulher,Urbana,884
2000,35 a 39 anos,Mulher,Urbana,665
2000,40 a 44 anos,Mulher,Urbana,596
2000,45 a 49 anos,Mulher,Urbana,444
2000,50 a 54 anos,Mulher,Urbana,452
2000,55 a 59 anos,Mulher,Urbana,306
2000,60 a 64 anos,Mulher,Urbana,214
2000,65 a 69 anos,Mulher,Urbana,234
2000,70 a 74 anos,Mulher,Urbana,110
2000,75 a 79 anos,Mulher,Urbana,111
2000,80 anos ou mais,Mulher,Urbana,
2000,80 a 84 anos,Mulher,Urbana,88
2000,85 a 89 anos,Mulher,Urbana,73
2000,90 a 94 anos,Mulher,Urbana,36
2000,95 a 99 anos,Mulher,Urbana,19
2000,100 anos ou mais,Mulher,Urbana,
2000,Idade ignorada,Mulher,Urbana,
2000,0 a 4 anos,Mulher,Rural,1021
2000,Menos de 1 ano,Mulher,Rural,145
2000,0 ano,Mulher,Rural,
2000,1 ano,Mulher,Rural,234
2000,2 anos,Mulher,Rural,174
2000,3 anos,Mulher,Rural,253
2000,4 anos,Mulher,Rural,215
2000,5 a 9 anos,Mulher,Rural,1086
2000,5 anos,Mulher,Rural,213
2000,6 anos,Mulher,Rural,267
2000,7 anos,Mulher,Rural,227
2000,8 anos,Mulher,Rural,246
2000,9 anos,Mulher,Rural,132
2000,10 a 14 anos,Mulher,Rural,813
2000,10 anos,Mulher,Rural,154
2000,11 anos,Mulher,Rural,195
2000,12 anos,Mulher,Rural,148
2000,13 anos,Mulher,Rural,131
2000,14 anos,Mulher,Rural,185
2000,15 a 19 anos,Mulher,Rural,755
2000,15 anos,Mulher,Rural,150
2000,16 anos,Mulher,Rural,134
2000,17 anos,Mulher,Rural,211
2000,18 anos,Mulher,Rural,132
2000,19 anos,Mulher,Rural,128
2000,20 a 24 anos,Mulher,Rural,551
2000,20 anos,Mulher,Rural,124
2000,21 anos,Mulher,Rural,111
2000,22 anos,Mulher,Rural,92
2000,23 anos,Mulher,Rural,106
2000,24 anos,Mulher,Rural,118
2000,25 a 29 anos,Mulher,Rural,577
2000,30 a 34 anos,Mulher,Rural,364
2000,35 a 39 anos,Mulher,Rural,399
2000,40 a 44 anos,Mulher,Rural,250
2000,45 a 49 anos,Mulher,Rural,312
2000,50 a 54 anos,Mulher,Rural,208
2000,55 a 59 anos,Mulher,Rural,146
2000,60 a 64 anos,Mulher,Rural,109
2000,65 a 69 anos,Mulher,Rural,138
2000,70 a 74 anos,Mulher,Rural,121
2000,75 a 79 anos,Mulher,Rural,56
2000,80 anos ou mais,Mulher,Rural,
2000,80 a 84 anos,Mulher,Rural,59
2000,85 a 89 anos,Mulher,Rural,47
2000,90 a 94 anos,Mulher,Rural,7
2000,95 a 99 anos,Mulher,Rural,9
2000,100 anos ou mais,Mulher,Rural,10
2000,Idade ignorada,Mulher,Rural,
2010,0 a 4 anos,Homem,Urbana,979
2010,Menos de 1 ano,Homem,Urbana,201
2010,0 ano,Homem,Urbana,
2010,1 ano,Homem,Urbana,160
2010,2 anos,Homem,Urbana,244
2010,3 anos,Homem,Urbana,213
2010,4 anos,Homem,Urbana,160
2010,5 a 9 anos,Homem,Urbana,1129
2010,5 anos,Homem,Urbana,173
2010,6 anos,Homem,Urbana,310
2010,7 anos,Homem,Urbana,186
2010,8 anos,Homem,Urbana,222
2010,9 anos,Homem,Urbana,237
2010,10 a 14 anos,Homem,Urbana,1338
2010,10 anos,Homem,Urbana,210
2010,11 anos,Homem,Urbana,308
2010,12 anos,Homem,Urbana,282
2010,13 anos,Homem,Urbana,236
2010,14 anos,Homem,Urbana,303
2010,15 a 19 anos,Homem,Urbana,1223
2010,15 anos,Homem,Urbana,276
2010,16 anos,Homem,Urbana,268
2010,17 anos,Homem,Urbana,232
2010,18 anos,Homem,Urbana,244
2010,19 anos,Homem,Urbana,203
2010,20 a 24 anos,Homem,Urbana,1008
2010,20 anos,Homem,Urbana,178
2010,21 anos,Homem,Urbana,182
2010,22 anos,Homem,Urbana,203
2010,23 anos,Homem,Urbana,153
2010,24 anos,Homem,Urbana,292
2010,25 a 29 anos,Homem,Urbana,1096
2010,30 a 34 anos,Homem,Urbana,967
2010,35 a 39 anos,Homem,Urbana,821
2010,40 a 44 anos,Homem,Urbana,519
2010,45 a 49 anos,Homem,Urbana,629
2010,50 a 54 anos,Homem,Urbana,465
2010,55 a 59 anos,Homem,Urbana,444
2010,60 a 64 anos,Homem,Urbana,292
2010,65 a 69 anos,Homem,Urbana,84
2010,70 a 74 anos,Homem,Urbana,157
2010,75 a 79 anos,Homem,Urbana,96
2010,80 anos ou mais,Homem,Urbana,
2010,80 a 84 anos,Homem,Urbana,22
2010,85 a 89 anos,Homem,Urbana,29
2010,90 a 94 anos,Homem,Urbana,10
2010,95 a 99 anos,Homem,Urbana,12
2010,100 anos ou mais,Homem,Urbana,
2010,Idade ignorada,Homem,Urbana,
2010,0 a 4 anos,Homem,Rural,765
2010,Menos de 1 ano,Homem,Rural,144
2010,0 ano,Homem,Rural,
2010,1 ano,Homem,Rural,126
2010,2 anos,Homem,Rural,176
2010,3 anos,Homem,Rural,78
2010,4 anos,Homem,Rural,241
2010,5 a 9 anos,Homem,Rural,852
2010,5 anos,Homem,Rural,194
2010,6 anos,Homem,Rural,212
2010,7 anos,Homem,Rural,196
2010,8 anos,Homem,Rural,102
2010,9 anos,Homem,Rural,148
2010,10 a 14 anos,Homem,Rural,1005
2010,10 anos,Homem,Rural,240
2010,11 anos,Homem,Rural,192
2010,12 anos,Homem,Rural,190
2010,13 anos,Homem,Rural,163
2010,14 anos,Homem,Rural,220
2010,15 a 19 anos,Homem,Rural,864
2010,15 anos,Homem,Rural,209
2010,16 anos,Homem,Rural,181
2010,17 anos,Homem,Rural,162
2010,18 anos,Homem,Rural,161
2010,19 anos,Homem,Rural,150
2010,20 a 24 anos,Homem,Rural,746
2010,20 anos,Homem,Rural,168
2010,21 anos,Homem,Rural,173
2010,22 anos,Homem,Rural,192
2010,23 anos,Homem,Rural,129
2010,24 anos,Homem,Rural,85
2010,25 a 29 anos,Homem,Rural,766
2010,30 a 34 anos,Homem,Rural,640
2010,35 a 39 anos,Homem,Rural,546
2010,40 a 44 anos,Homem,Rural,467
2010,45 a 49 anos,Homem,Rural,419
2010,50 a 54 anos,Homem,Rural,346
2010,55 a 59 anos,Homem,Rural,264
2010,60 a 64 anos,Homem,Rural,104
2010,65 a 69 anos,Homem,Rural,221
2010,70 a 74 anos,Homem,Rural,113
2010,75 a 79 anos,Homem,Rural,57
2010,80 anos ou mais,Homem,Rural,
2010,80 a 84 anos,Homem,Rural,49
2010,85 a 89 anos,Homem,Rural,43
2010,90 a 94 anos,Homem,Rural,31
2010,95 a 99 anos,Homem,Rural,11
2010,100 anos ou mais,Homem,Rural,
2010,Idade ignorada,Homem,Rural,
2010,0 a 4 anos,Mulher,Urbana,904
2010,Menos de 1 ano,Mulher,Urbana,193
2010,0 ano,Mulher,Urbana,
2010,1 ano,Mulher,Urbana,168
2010,2 anos,Mulher,Urbana,200
2010,3 anos,Mulher,Urbana,159
2010,4 anos,Mulher,Urbana,184
2010,5 a 9 anos,Mulher,Urbana,1286
2010,5 anos,Mulher,Urbana,264
2010,6 anos,Mulher,Urbana,214
2010,7 anos,Mulher,Urbana,181
2010,8 anos,Mulher,Urbana,280
2010,9 anos,Mulher,Urbana,347
2010,10 a 14 anos,Mulher,Urbana,1349
2010,10 anos,Mulher,Urbana,276
2010,11 anos,Mulher,Urbana,271
2010,12 anos,Mulher,Urbana,193
2010,13 anos,Mulher,Urbana,327
2010,14 anos,Mulher,Urbana,281
2010,15 a 19 anos,Mulher,Urbana,1241
2010,15 anos,Mulher,Urbana,275
2010,16 anos,Mulher,Urbana,282
2010,17 anos,Mulher,Urbana,233
2010,18 anos,Mulher,Urbana,213
2010,19 anos,Mulher,Urbana,238
2010,20 a 24 anos,Mulher,Urbana,1295
2010,20 anos,Mulher,Urbana,223
2010,21 anos,Mulher,Urbana,274
2010,22 anos,Mulher,Urbana,261
2010,23 anos,Mulher,Urbana,343
2010,24 anos,Mulher,Urbana,193
2010,25 a 29 anos,Mulher,Urbana,1124
2010,30 a 34 anos,Mulher,Urbana,1048
2010,35 a 39 anos,Mulher,Urbana,911
2010,40 a 44 anos,Mulher,Urbana,724
2010,45 a 49 anos,Mulher,Urbana,541
2010,50 a 54 anos,Mulher,Urbana,464
2010,55 a 59 anos,Mulher,Urbana,449
2010,60 a 64 anos,Mulher,Urbana,414
2010,65 a 69 anos,Mulher,Urbana,281
2010,70 a 74 anos,Mulher,Urbana,136
2010,75 a 79 anos,Mulher,Urbana,121
2010,80 anos ou mais,Mulher,Urbana,
2010,80 a 84 anos,Mulher,Urbana,57
2010,85 a 89 anos,Mulher,Urbana,78
2010,90 a 94 anos,Mulher,Urbana,72
2010,95 a 99 anos,Mulher,Urbana,9
2010,100 anos ou mais,Mulher,Urbana,
2010,Idade ignorada,Mulher,Urbana,
2010,0 a 4 anos,Mulher,Rural,679
2010,Menos de 1 ano,Mulher,Rural,145
2010,0 ano,Mulher,Rural,
2010,1 ano,Mulher,Rural,129
2010,2 anos,Mulher,Rural,113
2010,3 anos,Mulher,Rural,172
2010,4 anos,Mulher,Rural,121
2010,5 a 9 anos,Mulher,Rural,714
2010,5 anos,Mulher,Rural,143
2010,6 anos,Mulher,Rural,157
2010,7 anos,Mulher,Rural,140
2010,8 anos,Mulher,Rural,142
2010,9 anos,Mulher,Rural,133
2010,10 a 14 anos,Mulher,Rural,924
2010,10 anos,Mulher,Rural,197
2010,11 anos,Mulher,Rural,199
2010,12 anos,Mulher,Rural,234
2010,13 anos,Mulher,Rural,132
2010,14 anos,Mulher,Rural,162
2010,15 a 19 anos,Mulher,Rural,930
2010,15 anos,Mulher,Rural,252
2010,16 anos,Mulher,Rural,157
2010,17 anos,Mulher,Rural,140
2010,18 anos,Mulher,Rural,267
2010,19 anos,Mulher,Rural,113
2010,20 a 24 anos,Mulher,Rural,664
2010,20 anos,Mulher,Rural,145
2010,21 anos,Mulher,Rural,98
2010,22 anos,Mulher,Rural,150
2010,23 anos,Mulher,Rural,113
2010,24 anos,Mulher,Rural,158
2010,25 a 29 anos,Mulher,Rural,649
2010,30 a 34 anos,Mulher,Rural,596
2010,35 a 39 anos,Mulher,Rural,543
2010,40 a 44 anos,Mulher,Rural,486
2010,45 a 49 anos,Mulher,Rural,373
2010,50 a 54 anos,Mulher,Rural,299
2010,55 a 59 anos,Mulher,Rural,235
2010,60 a 64 anos,Mulher,Rural,214
2010,65 a 69 anos,Mulher,Rural,114
2010,70 a 74 anos,Mulher,Rural,137
2010,75 a 79 anos,Mulher,Rural,88
2010,80 anos ou mais,Mulher,Rural,
2010,80 a 84 anos,Mulher,Rural,46
2010,85 a 89 anos,Mulher,Rural,20
2010,90 a 94 anos,Mulher,Rural,18
2010,95 a 99 anos,Mulher,Rural,9
2010,100 anos ou mais,Mulher,Rural,
2010,Idade ignorada,Mulher,Rural,